<rxeNode type='inflow' >
	<!-- A transport receives from one source and places into 1 or more pipes -->
	<transport  plugin='RxePlugins.RxeDbInflow' >
		<!-- Begin Custom Transport mechanism -->
		<tables connectString='Provider=Sybase.ASEOLEDBProvider.2;Initial Catalog=nsbhp_spc_prod;Password=danHtemp;User ID=RxE_interface;Data Source=L3_Test;Persist Security Info=True' >
		
				
			<table name='SO01' tablename='nb_ot_transaction_outbound' processMode='StoreAndDelete' keyField='finansys_transaction_skey' 
				sqlSelect="SELECT TOP 100 * FROM nb_ot_transaction_outbound WHERE status = 'U' ORDER BY submission_datetime"
				special1='Combine:nb_ot_customer_master_tx:SELECT * FROM nb_ot_customer_master_tx WHERE finansys_transaction_skey=@finansys_transaction_skey'
				special="ParentChildren:nb_ot_contact_tx:SELECT * FROM nb_ot_contact_tx WHERE finansys_transaction_skey=@finansys_transaction_skey"
				pollSeconds='30'  
				state='on'/>
				
			<!--	
				special="ParentChildren:nb_ot_contact_tx:SELECT * FROM nb_ot_contact_tx WHERE finansys_transaction_skey=@finansys_transaction_skey" pollSeconds='30'
				
			<table name = 'SD02' tablename='nb_l3que_invoice_master' processMode='StoreAndDelete' keyField='SOPNUMBE' 
				sqlSelect="SELECT TOP 100 * FROM nb_l3que_invoice_master WHERE TRANSACTION_TYPE='SD02' ORDER BY SOPNUMBE" 
				special="ParentChildren:nb_l3que_invoice_detail:SELECT * FROM nb_l3que_invoice_detail WHERE SOPNUMBE='@SOPNUMBE'" pollSeconds='30'  
				state='on'/>
				-->


		</tables>
		
		<!-- Begin Standard Transport mechanism -->
		<!-- Message matching to determine outgoing message name -->
		<messages>
			<message envelopeName='SO01' name='SO01' />
		</messages>
		<!-- Now use the derived message name and regular expression to select pipe -->
		<pipes>
			<pipe name='FromSpc2' bucketSize='1' messageNamePattern='.*'  />
		</pipes>
	</transport>
</rxeNode>
