<?xml version="1.0" encoding="utf-16"?>
<RxePipeMessage xmlns:xsi="http://www.w3.org/2001/XMLSchema-instance" xmlns:xsd="http://www.w3.org/2001/XMLSchema">
  <PipeDataId>04843cb5-68d4-11e6-80f9-005056b1095c</PipeDataId>
  <lastPipeDataId>00000000-0000-0000-0000-000000000000</lastPipeDataId>
  <PipeId>10</PipeId>
  <InsertUtcTime>2016-08-23T01:50:54.0865427Z</InsertUtcTime>
  <messageName>SO01</messageName>
  <insertNodeId>20</insertNodeId>
  <ProcessStatus>Ready</ProcessStatus>
  <processTime>0001-01-01T00:00:00</processTime>
  <processNodeId>0</processNodeId>
  <payload>&lt;combined&gt;&lt;NewDataSet&gt;&lt;nb_ot_transaction_outbound&gt;&lt;finansys_transaction_skey&gt;13451&lt;/finansys_transaction_skey&gt;&lt;entity_type_code&gt;CUSTOMER_MASTER&lt;/entity_type_code&gt;&lt;transaction_type_code&gt;UPDATE&lt;/transaction_type_code&gt;&lt;submission_datetime&gt;2016-08-16T16:14:22.053-04:00&lt;/submission_datetime&gt;&lt;status&gt;U&lt;/status&gt;&lt;/nb_ot_transaction_outbound&gt;&lt;/NewDataSet&gt;
&lt;/combined&gt;</payload>
  <insertInfoXml />
  <processInfoXml />
  <sequencer>36808914540865427</sequencer>
  <retries>0</retries>
  <days>20160823</days>
  <hours>2016082301</hours>
</RxePipeMessage>