<?xml version="1.0" encoding="UTF-8"?>
<MXGLCOMPInterface xmlns="http://www.mro.com/mx/integration" xmlns:xsi="http://www.w3.org/2001/XMLSchema-instance" language="EN">
  <Header operation="Notify" event="0">
    <SenderID type="MAXIMO" majorversion="6" minorversion="0" build="03" dbbuild="V600-341">DYNAMICS-RXE</SenderID>
    <CreationDateTime>2006-04-11T17:34:53-05:00</CreationDateTime>
  </Header>
  <Content>
    <MXGLCOMP>
      <GLCOMPONENTS>
        <GLORDER />
        <COMPVALUE />
        <COMPTEXT />
        <USERID />
        <SOURCESYSID />
        <OWNERSYSID />
        <EXTERNALREFID />
        <SENDERSYSID />
        <ORGID />
        <ACTIVE />
        <GLCOMPONENTSID />
        <TRANS_LANGCODE />
      </GLCOMPONENTS>
    </MXGLCOMP>
  </Content>
</MXGLCOMPInterface>

