<?xml version="1.0" encoding="UTF-8"?>
<SyncCGMXINVOICE xmlns="http://www.ibm.com/maximo" creationDateTime="2013-03-04 15:31:30" baseLanguage="EN" transLanguage="EN" messageID="1363274701455713090" maximoVersion="7 5 20120713-1120 V7503-157">
	<CGMXINVOICESet>
		<INVOICE action="Add">
			<DESCRIPTION>AP Freight</DESCRIPTION>
			<VENDOR>2547</VENDOR>
			<CONTACT>Ray</CONTACT>
			<CURRENCYCODE>USD</CURRENCYCODE>
			<DOCUMENTTYPE>INVOICE</DOCUMENTTYPE>
			<STATUS>WAPPR</STATUS>
			<STATUSDATE>2013-03-04T15:31:30-05:00</STATUSDATE>
			<INVOICEDATE>2013-03-04T15:31:30-05:00</INVOICEDATE>
			<ENTERDATE>2013-03-04T15:31:30-05:00</ENTERDATE>
			<ENTERBY>MXINTADM</ENTERBY>
			<CHANGEDATE>2013-03-04T15:31:30-05:00</CHANGEDATE>
			<CHANGEBY>MXINTADM</CHANGEBY>
			<TOTALCOST>444.45</TOTALCOST>
			<VENDORINVOICENUM>666110</VENDORINVOICENUM>
			<SENDERSYSID>SPC-RXE</SENDERSYSID>
			<SITEID>DELTA</SITEID>
			<ORGID>STEELMILL</ORGID>
			<TRANS_LANGCODE>EN</TRANS_LANGCODE>
			<INVOICELINE>
				<VENDOR>2547</VENDOR>
				<INVOICELINENUM>1</INVOICELINENUM>
				<DESCRIPTION>INVOICE FREIGHT COST</DESCRIPTION>
				<INVOICEQTY>1</INVOICEQTY>
				<INVOICEUNIT>EA</INVOICEUNIT>
				<UNITCOST>444.45</UNITCOST>
				<LINECOST>444.45</LINECOST>
				<RECEIPTREQD>N</RECEIPTREQD>
				<INVOICELIN1>1</INVOICELIN1>
				<ENTERBY>MXINTADM</ENTERBY>
				<ENTERDATE>2013-03-04T15:31:30-05:00</ENTERDATE>
				<PRORATED>0</PRORATED>
				<PRORATESERVICE>0</PRORATESERVICE>
				<INVOICELINEID>1</INVOICELINEID>
				<ORGID>STEELMILL</ORGID>
				<LINETYPE>SERVICE</LINETYPE>
				<NS_TAXABLE>N</NS_TAXABLE>
				<NS_PAYONRECEIPT>0</NS_PAYONRECEIPT>
				<INVOICECOST>
					<VENDOR>2547</VENDOR>
					<GLDEBITACCT>
						<VALUE>10-70157-000-0000</VALUE>
					</GLDEBITACCT>
					<GLCREDITACCT>
						<VALUE>10-23000-000-0000</VALUE>
					</GLCREDITACCT>
					<UNITCOST>444.45</UNITCOST>
					<LINECOST>444.45</LINECOST>
					<PERCENTAGE>100</PERCENTAGE>
					<COSTLINENUM>1</COSTLINENUM>
					<CHARGESTORE>0</CHARGESTORE>
					<ORGID>STEELMILL</ORGID>
					<INVOICENUM />
					<INVOICELINENUM>1</INVOICELINENUM>
				</INVOICECOST>
			</INVOICELINE>
        </INVOICE>
	</CGMXINVOICESet>
</SyncCGMXINVOICE>
