<?xml version="1.0" encoding="UTF-8"?>
<SyncCGMXRECEIPT xmlns="http://www.ibm.com/maximo" creationDateTime="2013-05-14 14:02:30" baseLanguage="EN" transLanguage="EN" messageID="1379276701450343093" maximoVersion="7 5 20120713-1120 V7503-157">
	<CGMXRECEIPTSet> 
      <MXRECEIPT action="Add">
			<ITEMNUM>Pig Iron</ITEMNUM>
            <TRANSDATE>2013-03-02T15:22:59-05:00</TRANSDATE>
            <ACTUALDATE>2013-03-02T15:20:30-05:00</ACTUALDATE>
            <RECEIVEDUNIT>gt</RECEIVEDUNIT>
            <ISSUETYPE>RECEIPT</ISSUETYPE>
            <UNITCOST>446.0446</UNITCOST>
            <ACTUALCOST>35032.21</ACTUALCOST>
            <PONUM>235311</PONUM>
            <REJECTQTY>0</REJECTQTY>
            <ENTERBY>MXINTADM</ENTERBY>
            <OUTSIDE>N</OUTSIDE>
            <PACKINGSLIPNUM />
            <POLINENUM>1</POLINENUM>
            <ISSUE>Y</ISSUE>
            <LINECOST>35032.21</LINECOST>
            <CURRENCYCODE>USD</CURRENCYCODE>
            <DESCRIPTION>{RS118514}</DESCRIPTION>
            <LOADEDCOST>35032.21</LOADEDCOST>
            <STATUSDATE>2013-03-02T15:21:06-05:00</STATUSDATE>
            <CURBAL>0</CURBAL>
            <SOURCESYSID>SPC-RXE</SOURCESYSID>
            <EXTERNALREFID>NOKL316115</EXTERNALREFID>
            <SENDERSYSID>SPC-RXE</SENDERSYSID>
            <ORGID>STEELMILL</ORGID>
            <SITEID>DELTA</SITEID>
            <POSITEID>DELTA</POSITEID>
            <COSTINFO>N</COSTINFO>
            <ENTEREDASTASK>N</ENTEREDASTASK>
            <LINETYPE>ITEM</LINETYPE>
            <RECEIPTQUANTITY>78.5397</RECEIPTQUANTITY>
            <ITEMSETID>MASTER</ITEMSETID>
            <NS_VENDORINVOICENUM>RS118514</NS_VENDORINVOICENUM>
        </MXRECEIPT>
    </CGMXRECEIPTSet>
</SyncCGMXRECEIPT>
