<?xml version="1.0" encoding="UTF-8"?>
<NSSERVRECTXIF xmlns="http://www.mro.com/mx/integration" xmlns:xsi="http://www.w3.org/2001/XMLSchema-instance" language="EN">
  <Header operation="Notify" event="0">
    <SenderID type="MAXIMO" majorversion="6" minorversion="0" build="03" dbbuild="V600-341">MX</SenderID>
    <CreationDateTime>2006-05-19T14:46:42-05:00</CreationDateTime>
  </Header>
  <Content>
    <NSSERVRECTX>
      <SERVRECTRANS>
        <VENDOR />
        <INVOICENUM />
        <INVOICELINENUM />
        <COSTLINENUM />
        <GLDEBITACCT>
          <VALUE />
        </GLDEBITACCT>
        <GLCREDITACCT>
          <VALUE />
        </GLCREDITACCT>
        <CURRENCYCODE />
        <LINECOST />
        <TRANSDATE />
        <ENTERBY />
        <TRANSTYPE />
        <CURRENCYLINECOST />
        <EXCHANGERATE />
        <FINANCIALPERIOD />
        <EXCHANGERATE2 />
        <LINECOST2 />
        <SENDERSYSID />
        <SOURCESYSID />
        <OWNERSYSID />
        <EXTERNALREFID />
        <SITEID />
        <ORGID />
        <INVOICETRANSID />
        <NS_CUST_FLD />
        <SOURCEMBO />
        <TRANS_LANGCODE />
        <ITEMNUM />
        <STORELOC />
        <QUANTITY />
        <CURBAL />
        <PHYSCNT />
        <OLDCOST />
        <NEWCOST />
        <MEMO />
        <BINNUM />
        <LOTNUM />
        <INVTRANSID />
        <MATRECTRANSID />
        <ITEMSETID />
        <CONDITIONCODE />
        <CONDRATE />
        <MATUSETRANSID />
        <LABORCODE />
        <CRAFT />
        <PAYRATE />
        <ASSETNUM />
        <REGULARHRS />
        <ENTERDATE />
        <STARTDATE />
        <STARTTIME />
        <FINISHDATE />
        <FINISHTIME />
        <OUTSIDE />
        <ROLLUP />
        <PONUM />
        <POLINENUM />
        <LOCATION />
        <GENAPPRSERVRECEIPT />
        <PAYMENTTRANSDATE />
        <LABTRANSID />
        <SERVRECTRANSID />
        <FINCNTRLID />
        <REFWO />
        <ENTEREDASTASK />
        <TICKETID />
        <TICKETCLASS />
        <TASKID />
        <WONUM />
        <CONTRACTNUM />
        <SKILLLEVEL />
        <TIMERSTATUS />
        <FCPROJECTID />
        <FCTASKID />
        <REVISIONNUM />
        <PREMIUMPAYCODE />
        <PREMIUMPAYHOURS />
        <PREMIUMPAYRATE />
        <PREMIUMPAYRATETYPE />
        <TOSTORELOC />
        <ACTUALDATE />
        <RECEIVEDUNIT />
        <ISSUETYPE />
        <UNITCOST />
        <ACTUALCOST />
        <REJECTCODE />
        <REJECTQTY />
        <CONVERSION />
        <IT1 />
        <IT2 />
        <IT3 />
        <IT4 />
        <IT5 />
        <ISSUETO />
        <PACKINGSLIPNUM />
        <ISSUE />
        <REQUESTEDBY />
        <TOTALCURBAL />
        <OLDAVGCOST />
        <ITIN1 />
        <ITIN2 />
        <ITIN3 />
        <TOBIN />
        <CURRENCYUNITCOST />
        <MANUFACTURER />
        <MODELNUM />
        <DESCRIPTION />
        <REMARK />
        <FROMSTORELOC />
        <FROMBIN />
        <QTYHELD />
        <FROMLOT />
        <TOLOT />
        <LOADEDCOST />
        <TAX1CODE />
        <TAX1 />
        <TAX2CODE />
        <TAX2 />
        <TAX3CODE />
        <TAX3 />
        <TAX4CODE />
        <TAX4 />
        <TAX5CODE />
        <TAX5 />
        <PRORATED />
        <PRORATECOST />
        <STATUS />
        <STATUSDATE />
        <STATUSCHANGEBY />
        <QTYREQUESTED />
        <MRNUM />
        <MRLINENUM />
        <IT6 />
        <IT7 />
        <IT8 />
        <IT9 />
        <IT10 />
        <ITIN4 />
        <ITIN5 />
        <ITIN6 />
        <ITIN7 />
        <COSTINFO />
        <BELONGSTO />
        <FROMSITEID />
        <RECEIPTREF />
        <LINETYPE />
        <FROMCONDITIONCODE />
        <COMMODITYGROUP />
        <COMMODITY />
        <COURIER />
        <INSPECTEDQTY />
        <POSITEID />
        <ROTASSETNUM />
        <NS_TAXABLE />
        <NS_PAYONRECEIPT />
        <SPAREPARTADDED />
        <ISSUEID />
        <QTYRETURNED />
        <TOSITEID />
        <CLAIMNUM />
        <REJECTCOST />
        <SSPL1 />
        <SSPL2 />
        <SSPL3 />
        <SSPL4 />
        <SSPL5 />
        <SSPL6 />
        <SSPL7 />
        <CHANGEBY />
        <CHANGEDATE />
        <INSPECTIONCOST />
        <ACCEPTEDCOST />
        <TOOLRATE />
        <TOOLQTY />
        <TOOLHRS />
        <TOOLTRANSID />
        <ROTASSETSITE />
      </SERVRECTRANS>
    </NSSERVRECTX>
  </Content>
</NSSERVRECTXIF>