<?xml version="1.0" encoding="utf-16"?>
<RxePipeMessage xmlns:xsi="http://www.w3.org/2001/XMLSchema-instance" xmlns:xsd="http://www.w3.org/2001/XMLSchema">
  <PipeDataId>22702f58-3da8-11e4-b1df-005056b1095c</PipeDataId>
  <lastPipeDataId>84d8eacf-2fb6-11e4-bf9c-005056b1095c</lastPipeDataId>
  <PipeId>1</PipeId>
  <InsertUtcTime>2014-09-16T13:48:28.1253868Z</InsertUtcTime>
  <messageName>SD02</messageName>
  <insertNodeId>8</insertNodeId>
  <ProcessStatus>Ready</ProcessStatus>
  <processTime>0001-01-01T00:00:00</processTime>
  <processNodeId>0</processNodeId>
  <payload>&lt;eConnect xmlns:xsi="http://www.w3.org/2001/XMLSchema-instance"&gt;&lt;SOPTransactionType&gt;&lt;eConnectProcessInfo&gt;&lt;Sender&gt;RxE&lt;/Sender&gt;&lt;/eConnectProcessInfo&gt;&lt;taSopLineIvcInsert_Items&gt;&lt;taSopLineIvcInsert&gt;&lt;SOPTYPE&gt;3&lt;/SOPTYPE&gt;&lt;SOPNUMBE&gt;776286&lt;/SOPNUMBE&gt;&lt;CUSTNMBR&gt;1000&lt;/CUSTNMBR&gt;&lt;DOCDATE&gt;2014-08-21 00:00:00&lt;/DOCDATE&gt;&lt;ITEMNMBR&gt;Hot Rolled Bands&lt;/ITEMNMBR&gt;&lt;UNITPRCE&gt;31.10&lt;/UNITPRCE&gt;&lt;XTNDPRCE&gt;11544.01&lt;/XTNDPRCE&gt;&lt;QUANTITY&gt;371.19&lt;/QUANTITY&gt;&lt;COMMNTID&gt;&lt;/COMMNTID&gt;&lt;COMMENT_1&gt;0.1020 Nom X  55.00  in.&lt;/COMMENT_1&gt;&lt;COMMENT_2&gt;2.59 Nom X  1397  mm&lt;/COMMENT_2&gt;&lt;COMMENT_3&gt;0.00&lt;/COMMENT_3&gt;&lt;COMMENT_4&gt;&lt;/COMMENT_4&gt;&lt;PRCLEVEL&gt;&lt;/PRCLEVEL&gt;&lt;ITEMDESC&gt;C1006 CQ&lt;/ITEMDESC&gt;&lt;NONINVEN&gt;1&lt;/NONINVEN&gt;&lt;LNITMSEQ&gt;100&lt;/LNITMSEQ&gt;&lt;DOCID&gt;NORMAL_INV&lt;/DOCID&gt;&lt;SALSTERR&gt;4&lt;/SALSTERR&gt;&lt;SLPRSNID&gt;1&lt;/SLPRSNID&gt;&lt;ACTLSHIP&gt;2014-08-21T00:00:00-04:00&lt;/ACTLSHIP&gt;&lt;SHIPMTHD&gt;RAIL&lt;/SHIPMTHD&gt;&lt;INVINDX&gt;&lt;/INVINDX&gt;&lt;INTEGRATIONID&gt;SPC&lt;/INTEGRATIONID&gt;&lt;UpdateIfExists&gt;0&lt;/UpdateIfExists&gt;&lt;CURNCYID&gt;USD&lt;/CURNCYID&gt;&lt;UOFM&gt;cwt&lt;/UOFM&gt;&lt;USRDEFND1&gt;100276580     312431-1  181918    1437405&lt;/USRDEFND1&gt;&lt;USRDEFND2&gt;KGS16837.0LBS37119.0&lt;/USRDEFND2&gt;&lt;USRDEFND3&gt;2014-09-16 09:48:27&lt;/USRDEFND3&gt;&lt;/taSopLineIvcInsert&gt;&lt;/taSopLineIvcInsert_Items&gt;&lt;taSopUserDefined&gt;&lt;SOPTYPE&gt;3&lt;/SOPTYPE&gt;&lt;SOPNUMBE&gt;776286&lt;/SOPNUMBE&gt;&lt;USRTAB01&gt;Collect&lt;/USRTAB01&gt;&lt;USERDEF1&gt;747095&lt;/USERDEF1&gt;&lt;USERDEF2&gt;NSTX 19&lt;/USERDEF2&gt;&lt;USRDEF03&gt;North Star BlueScope&lt;/USRDEF03&gt;&lt;USRDEF04&gt;Steel&lt;/USRDEF04&gt;&lt;USRDEFND1&gt;2014-09-16 09:48:27&lt;/USRDEFND1&gt;&lt;/taSopUserDefined&gt;&lt;taSopHdrIvcInsert&gt;&lt;SOPTYPE&gt;3&lt;/SOPTYPE&gt;&lt;DOCID&gt;NORMAL_INV&lt;/DOCID&gt;&lt;SOPNUMBE&gt;776286&lt;/SOPNUMBE&gt;&lt;SHIPMTHD&gt;RAIL&lt;/SHIPMTHD&gt;&lt;DOCDATE&gt;2014-08-21 00:00:00&lt;/DOCDATE&gt;&lt;FREIGHT&gt;0.0000&lt;/FREIGHT&gt;&lt;MISCAMNT&gt;0.0000&lt;/MISCAMNT&gt;&lt;TRDISAMT&gt;0.0000&lt;/TRDISAMT&gt;&lt;!-- {10May2006/dth} --&gt;&lt;CUSTNMBR&gt;1000&lt;/CUSTNMBR&gt;&lt;CUSTNAME&gt;Worthington Steel - Delta&lt;/CUSTNAME&gt;&lt;ShipToName&gt;Worthington - Delta&lt;/ShipToName&gt;&lt;ADDRESS1&gt;&lt;/ADDRESS1&gt;&lt;ADDRESS2&gt;6303 County Road 10&lt;/ADDRESS2&gt;&lt;ADDRESS3&gt;&lt;/ADDRESS3&gt;&lt;CNTCPRSN&gt;Crane Operators&lt;/CNTCPRSN&gt;&lt;FAXNUMBR&gt;&lt;/FAXNUMBR&gt;&lt;CITY&gt;Delta&lt;/CITY&gt;&lt;STATE&gt;OH&lt;/STATE&gt;&lt;ZIPCODE&gt;43515&lt;/ZIPCODE&gt;&lt;COUNTRY&gt;United States&lt;/COUNTRY&gt;&lt;PHNUMBR1&gt;&lt;/PHNUMBR1&gt;&lt;SUBTOTAL&gt;11544.01&lt;/SUBTOTAL&gt;&lt;DOCAMNT&gt;11544.01&lt;/DOCAMNT&gt;&lt;USER2ENT&gt;SPC&lt;/USER2ENT&gt;&lt;BACHNUMB&gt;AR_INVOIC091614&lt;/BACHNUMB&gt;&lt;PRBTADCD&gt;INVOICE_TO&lt;/PRBTADCD&gt;&lt;PRSTADCD&gt;SHIP2&lt;/PRSTADCD&gt;&lt;PYMTRMID&gt;Net 30&lt;/PYMTRMID&gt;&lt;DUEDATE&gt;2014-09-20T00:00:00-04:00&lt;/DUEDATE&gt;&lt;REFRENCE&gt;776286:Worthington Steel - Del&lt;/REFRENCE&gt;&lt;CREATEDIST&gt;1&lt;/CREATEDIST&gt;&lt;CURNCYID&gt;USD&lt;/CURNCYID&gt;&lt;INTEGRATIONID&gt;SPC&lt;/INTEGRATIONID&gt;&lt;UpdateExisting&gt;0&lt;/UpdateExisting&gt;&lt;DEFPRICING&gt;1&lt;/DEFPRICING&gt;&lt;USRDEFND1&gt;2014-09-16 09:48:27&lt;/USRDEFND1&gt;&lt;/taSopHdrIvcInsert&gt;&lt;/SOPTransactionType&gt;&lt;/eConnect&gt;</payload>
  <insertInfoXml />
  <processInfoXml />
  <sequencer>36198497081253868</sequencer>
  <retries>0</retries>
  <days>20140916</days>
  <hours>2014091613</hours>
</RxePipeMessage>