<?xml version="1.0" encoding="utf-16"?>
<RxePipeMessage xmlns:xsi="http://www.w3.org/2001/XMLSchema-instance" xmlns:xsd="http://www.w3.org/2001/XMLSchema">
  <PipeDataId>22702f59-3da8-11e4-b1df-005056b1095c</PipeDataId>
  <lastPipeDataId>bf1de058-2fac-11e4-bf9c-005056b1095c</lastPipeDataId>
  <PipeId>1</PipeId>
  <InsertUtcTime>2014-09-16T13:48:28.1566378Z</InsertUtcTime>
  <messageName>SD03A</messageName>
  <insertNodeId>8</insertNodeId>
  <ProcessStatus>Ready</ProcessStatus>
  <processTime>0001-01-01T00:00:00</processTime>
  <processNodeId>0</processNodeId>
  <payload>&lt;eConnect xmlns:xsi="http://www.w3.org/2001/XMLSchema-instance"&gt;&lt;RMApplyType&gt;&lt;eConnectProcessInfo&gt;&lt;Sender&gt;RxE&lt;/Sender&gt;&lt;/eConnectProcessInfo&gt;&lt;taRMApply&gt;&lt;APTODCNM&gt;773322&lt;/APTODCNM&gt;&lt;APFRDCNM&gt;776281&lt;/APFRDCNM&gt;&lt;APPTOAMT&gt;81891.99&lt;/APPTOAMT&gt;&lt;APFRDCTY&gt;7&lt;/APFRDCTY&gt;&lt;APTODCTY&gt;1&lt;/APTODCTY&gt;&lt;APPLYDATE&gt;2014-08-21T00:00:00-04:00&lt;/APPLYDATE&gt;&lt;DISTKNAM&gt;0.0000&lt;/DISTKNAM&gt;&lt;WROFAMNT&gt;0.0000&lt;/WROFAMNT&gt;&lt;/taRMApply&gt;&lt;/RMApplyType&gt;&lt;/eConnect&gt;</payload>
  <insertInfoXml />
  <processInfoXml />
  <sequencer>36198497081566378</sequencer>
  <retries>0</retries>
  <days>20140916</days>
  <hours>2014091613</hours>
</RxePipeMessage>