<NewDataSet>
  <nb_l3que_invoice_master>
    <TRANSACTION_TYPE>Char(6)</TRANSACTION_TYPE>
    <SOPTYPE>Integer()</SOPTYPE>
    <DOCID>Char(15)</DOCID>
    <SOPNUMBE>Char(17)</SOPNUMBE>
    <SHIPMTHD>Char(15)</SHIPMTHD>
    <DOCDATE>Timestamp()</DOCDATE>
    <FREIGHT>Single()</FREIGHT>
    <MISCAMNT>Single()</MISCAMNT>
    <TRDISAMT>Currency()</TRDISAMT>   <!-- {10May2006/dth} -->
    <CUSTNMBR>Char(15)</CUSTNMBR>
    <CUSTNAME>Char(64)</CUSTNAME>
    <ShipToName>Char(64)</ShipToName>
    <ADDRESS1>Char(60)</ADDRESS1>
    <ADDRESS2>Char(60)</ADDRESS2>
    <ADDRESS3>Char(60)</ADDRESS3>
    <CNTCPRSN>Char(60)</CNTCPRSN>
    <FAXNUMBR>Char(14)</FAXNUMBR>
    <CITY>Char(35)</CITY>
    <STATE>Char(29)</STATE>
    <ZIPCODE>Char(10)</ZIPCODE>
    <COUNTRY>Char(60)</COUNTRY>
    <PHNUMBR1>Char(14)</PHNUMBR1>
    <SUBTOTAL>Single()</SUBTOTAL>
    <DOCAMNT>Single()</DOCAMNT>
    <USER2ENT>Char(15)</USER2ENT>
    <BACHNUMB>Char(15)</BACHNUMB>
    <PRBTADCD>Char(15)</PRBTADCD>
    <PRSTADCD>Char(15)</PRSTADCD>
    <ORDRDATE>Timestamp()</ORDRDATE>
    <MSTRNUMB>Integer()</MSTRNUMB>
    <PYMTRMID>Char(20)</PYMTRMID>
    <DUEDATE>Timestamp()</DUEDATE>
    <REFRENCE>Char(30)</REFRENCE>
    <CURNCYID>Char(15)</CURNCYID>
    <USRTAB01>Char(20)</USRTAB01>
    <USERDEF1>Char(20)</USERDEF1>
    <USERDEF2>Char(20)</USERDEF2>
    <USRDEF03>Char(20)</USRDEF03>
    <USRDEF04>Char(20)</USRDEF04>
    <INTEGRATIONID>Char(30)</INTEGRATIONID>
    <UpdateExisting>Integer()</UpdateExisting>
    <DOCDESCR>Char(30)</DOCDESCR>
  </nb_l3que_invoice_master>

  <nb_l3que_invoice_detail>
    <SOPTYPE>Integer()</SOPTYPE>
    <SOPNUMBE>Char(17)</SOPNUMBE>
    <CUSTNMBR>Char(15)</CUSTNMBR>
    <DOCDATE>Timestamp()</DOCDATE>
    <ITEMNMBR>Char(30)</ITEMNMBR>
    <UNITPRCE>Single()</UNITPRCE>
    <XTNDPRCE>Single()</XTNDPRCE>
    <QUANTITY>Single()</QUANTITY>
    <COMMNTID>Char(15)</COMMNTID>
    <COMMENT_1>Char(50)</COMMENT_1>
    <COMMENT_2>Char(50)</COMMENT_2>
    <COMMENT_3>Char(50)</COMMENT_3>
    <COMMENT_4>Char(50)</COMMENT_4>
    <PRCLEVEL>Char(10)</PRCLEVEL>
    <ITEMDESC>Char(100)</ITEMDESC>
    <NONINVEN>Integer()</NONINVEN>
    <LNITMSEQ>Integer()</LNITMSEQ>
    <DOCID>Char(15)</DOCID>
    <SALSTERR>Char(4)</SALSTERR>
    <SLPRSNID>Char(4)</SLPRSNID>
    <ACTLSHIP>Timestamp()</ACTLSHIP>
    <SHIPMTHD>Char(15)</SHIPMTHD>
    <INTEGRATIONID>Char(30)</INTEGRATIONID>
    <UpdateIfExists>Integer()</UpdateIfExists>
    <CURNCYID>Char(15)</CURNCYID>
    <UOFM>Char(8)</UOFM>
    <USRDEFND1>Char(50)</USRDEFND1>
    <USRDEFND2>Char(50)</USRDEFND2>
    <coil_weight_lbs>Integer()</coil_weight_lbs>
  </nb_l3que_invoice_detail>

</NewDataSet>
