<NodesDataset>
  <Nodes>
    <NodeId>1</NodeId>
    <NodeName>ToDynamics1</NodeName>
  </Nodes>
  <Nodes>
    <NodeId>2</NodeId>
    <NodeName>FromDynamics1</NodeName>
  </Nodes>
  <Nodes>
    <NodeId>3</NodeId>
    <NodeName>ToMaximo1</NodeName>
  </Nodes>
  <Nodes>
    <NodeId>4</NodeId>
    <NodeName>FromMaximo1</NodeName>
  </Nodes>
  <Nodes>
    <NodeId>5</NodeId>
    <NodeName>ToSpc1</NodeName>
  </Nodes>
  <Nodes>
    <NodeId>6</NodeId>
    <NodeName>FromSpc1</NodeName>
  </Nodes>
  <Nodes>
    <NodeId>7</NodeId>
    <NodeName>PumpDynamics1</NodeName>
  </Nodes>
  <Nodes>
    <NodeId>8</NodeId>
    <NodeName>PumpSpc1</NodeName>
  </Nodes>
  <Nodes>
    <NodeId>9</NodeId>
    <NodeName>PumpMaximo1</NodeName>
  </Nodes>
  <Nodes>
    <NodeId>10</NodeId>
    <NodeName>FromSPCFiles</NodeName>
  </Nodes>
  <Nodes>
    <NodeId>11</NodeId>
    <NodeName>FromDynamicsFiles</NodeName>
  </Nodes>

   <Nodes>
    <NodeId>20</NodeId>
    <NodeName>FromSpc2</NodeName>
  </Nodes>
  <Nodes>
    <NodeId>21</NodeId>
    <NodeName>FromMaximo2</NodeName>
  </Nodes>
  <Nodes>
    <NodeId>22</NodeId>
    <NodeName>PumpSpc2</NodeName>
  </Nodes>
  <Nodes>
    <NodeId>23</NodeId>
    <NodeName>ToOpenTrac</NodeName>
  </Nodes>

  
  </NodesDataset>