<?xml version="1.0" encoding="utf-16"?>
<RxePipeMessage xmlns:xsi="http://www.w3.org/2001/XMLSchema-instance" xmlns:xsd="http://www.w3.org/2001/XMLSchema">
  <PipeDataId>822c58d1-41f2-11e5-9fed-005056b1095c</PipeDataId>
  <lastPipeDataId>00000000-0000-0000-0000-000000000000</lastPipeDataId>
  <PipeId>2</PipeId>
  <InsertUtcTime>2015-08-13T19:35:53.6503633Z</InsertUtcTime>
  <messageName>DS01</messageName>
  <insertNodeId>2</insertNodeId>
  <ProcessStatus>Ready</ProcessStatus>
  <processTime>0001-01-01T00:00:00</processTime>
  <processNodeId>0</processNodeId>
  <payload>&lt;Customer_Balances:root xmlns:Customer_Balances="http://microsoft.com/eConnect/Customer_Balances.xsd"&gt;&lt;eConnect ACTION="2" Requester_DOCTYPE="Customer_Balances" DBNAME="GPPRD" TABLENAME="RM00101" DATE1="2015-08-13T14:26:37.697" CUSTNMBR="1043"&gt;&lt;Customer&gt;&lt;CUSTNMBR&gt;1043&lt;/CUSTNMBR&gt;&lt;ADDRESS1&gt;8223 W. Warren Avenue&lt;/ADDRESS1&gt;&lt;ADDRESS2&gt;&lt;/ADDRESS2&gt;&lt;ADDRESS3&gt;&lt;/ADDRESS3&gt;&lt;ADRSCODE&gt;INVOICE_TO&lt;/ADRSCODE&gt;&lt;CITY&gt;Dearborn&lt;/CITY&gt;&lt;CNTCPRSN&gt;Stewart, Jean, Accounts Payabl&lt;/CNTCPRSN&gt;&lt;COUNTRY&gt;United States&lt;/COUNTRY&gt;&lt;CPRCSTNM&gt;1056&lt;/CPRCSTNM&gt;&lt;CURNCYID&gt;USD&lt;/CURNCYID&gt;&lt;CUSTCLAS&gt;HOT_ROLL_BANDS&lt;/CUSTCLAS&gt;&lt;CUSTDISC&gt;0&lt;/CUSTDISC&gt;&lt;CUSTNAME&gt;Kenwal Steel - Burns Harbor&lt;/CUSTNAME&gt;&lt;PHONE1&gt;3137391074&lt;/PHONE1&gt;&lt;PHONE2&gt;&lt;/PHONE2&gt;&lt;PHONE3&gt;&lt;/PHONE3&gt;&lt;FAX&gt;3137392374&lt;/FAX&gt;&lt;PYMTRMID&gt;Net 30&lt;/PYMTRMID&gt;&lt;SALSTERR&gt;2&lt;/SALSTERR&gt;&lt;SHIPMTHD&gt;&lt;/SHIPMTHD&gt;&lt;SLPRSNID&gt;3&lt;/SLPRSNID&gt;&lt;STATE&gt;MI&lt;/STATE&gt;&lt;TAXSCHID&gt;&lt;/TAXSCHID&gt;&lt;TXRGNNUM&gt;&lt;/TXRGNNUM&gt;&lt;UPSZONE&gt;&lt;/UPSZONE&gt;&lt;ZIP&gt;48126-0359&lt;/ZIP&gt;&lt;CPRCSTNM&gt;1056&lt;/CPRCSTNM&gt;&lt;STMTNAME&gt;Kenwal Steel - Burns Harbor&lt;/STMTNAME&gt;&lt;SHRTNAME&gt;Kenwal Steel -&lt;/SHRTNAME&gt;&lt;PRBTADCD&gt;INVOICE_TO&lt;/PRBTADCD&gt;&lt;PRSTADCD&gt;&lt;/PRSTADCD&gt;&lt;STADDRCD&gt;INVOICE_TO&lt;/STADDRCD&gt;&lt;CHEKBKID&gt;&lt;/CHEKBKID&gt;&lt;CRLMTTYP&gt;2&lt;/CRLMTTYP&gt;&lt;CRLMTAMT&gt;4500000.00000&lt;/CRLMTAMT&gt;&lt;CRLMTPER&gt;0&lt;/CRLMTPER&gt;&lt;CRLMTPAM&gt;0.00000&lt;/CRLMTPAM&gt;&lt;RATETPID&gt;&lt;/RATETPID&gt;&lt;CUSTDISC&gt;0&lt;/CUSTDISC&gt;&lt;PRCLEVEL&gt;&lt;/PRCLEVEL&gt;&lt;MINPYTYP&gt;0&lt;/MINPYTYP&gt;&lt;MINPYDLR&gt;0.00000&lt;/MINPYDLR&gt;&lt;MINPYPCT&gt;0&lt;/MINPYPCT&gt;&lt;FNCHATYP&gt;0&lt;/FNCHATYP&gt;&lt;FNCHPCNT&gt;0&lt;/FNCHPCNT&gt;&lt;FINCHDLR&gt;0.00000&lt;/FINCHDLR&gt;&lt;MXWOFTYP&gt;2&lt;/MXWOFTYP&gt;&lt;MXWROFAM&gt;50.00000&lt;/MXWROFAM&gt;&lt;COMMENT1&gt;diane_matheny@kenwal.com&lt;/COMMENT1&gt;&lt;COMMENT2&gt;313-739-1071&lt;/COMMENT2&gt;&lt;USERDEF1&gt;XCP&lt;/USERDEF1&gt;&lt;USERDEF2&gt;Good&lt;/USERDEF2&gt;&lt;TAXEXMT1&gt;&lt;/TAXEXMT1&gt;&lt;TAXEXMT2&gt;&lt;/TAXEXMT2&gt;&lt;TXRGNNUM&gt;&lt;/TXRGNNUM&gt;&lt;BALNCTYP&gt;0&lt;/BALNCTYP&gt;&lt;STMTCYCL&gt;1&lt;/STMTCYCL&gt;&lt;BANKNAME&gt;&lt;/BANKNAME&gt;&lt;BNKBRNCH&gt;&lt;/BNKBRNCH&gt;&lt;SALSTERR&gt;2&lt;/SALSTERR&gt;&lt;FRSTINDT&gt;2000-11-02T00:00:00&lt;/FRSTINDT&gt;&lt;INACTIVE&gt;0&lt;/INACTIVE&gt;&lt;HOLD&gt;0&lt;/HOLD&gt;&lt;CRCARDID&gt;&lt;/CRCARDID&gt;&lt;CRCRDNUM&gt;&lt;/CRCRDNUM&gt;&lt;CCRDXPDT&gt;1900-01-01T00:00:00&lt;/CCRDXPDT&gt;&lt;KPDSTHST&gt;1&lt;/KPDSTHST&gt;&lt;KPCALHST&gt;1&lt;/KPCALHST&gt;&lt;KPERHIST&gt;1&lt;/KPERHIST&gt;&lt;KPTRXHST&gt;1&lt;/KPTRXHST&gt;&lt;CREATDDT&gt;2006-05-12T00:00:00&lt;/CREATDDT&gt;&lt;MODIFDT&gt;2015-05-26T00:00:00&lt;/MODIFDT&gt;&lt;Revalue_Customer&gt;0&lt;/Revalue_Customer&gt;&lt;Post_Results_To&gt;0&lt;/Post_Results_To&gt;&lt;FINCHID&gt;&lt;/FINCHID&gt;&lt;GOVCRPID&gt;&lt;/GOVCRPID&gt;&lt;GOVINDID&gt;&lt;/GOVINDID&gt;&lt;DISGRPER&gt;0&lt;/DISGRPER&gt;&lt;DUEGRPER&gt;0&lt;/DUEGRPER&gt;&lt;DOCFMTID&gt;&lt;/DOCFMTID&gt;&lt;Send_Email_Statements&gt;0&lt;/Send_Email_Statements&gt;&lt;GPSFOINTEGRATIONID&gt;&lt;/GPSFOINTEGRATIONID&gt;&lt;INTEGRATIONSOURCE&gt;0&lt;/INTEGRATIONSOURCE&gt;&lt;INTEGRATIONID&gt;SPC-RXE&lt;/INTEGRATIONID&gt;&lt;Balance&gt;&lt;CUSTNMBR&gt;1043&lt;/CUSTNMBR&gt;&lt;AGPERAMT_1&gt;1003527.21000&lt;/AGPERAMT_1&gt;&lt;AGPERAMT_2&gt;33574.55000&lt;/AGPERAMT_2&gt;&lt;AGPERAMT_3&gt;0.00000&lt;/AGPERAMT_3&gt;&lt;AGPERAMT_4&gt;238310.55000&lt;/AGPERAMT_4&gt;&lt;AGPERAMT_5&gt;0.00000&lt;/AGPERAMT_5&gt;&lt;AGPERAMT_6&gt;0.00000&lt;/AGPERAMT_6&gt;&lt;AGPERAMT_7&gt;0.00000&lt;/AGPERAMT_7&gt;&lt;AVDTPLIF&gt;9&lt;/AVDTPLIF&gt;&lt;AVDTPLYR&gt;23&lt;/AVDTPLYR&gt;&lt;AVGDTPYR&gt;34&lt;/AVGDTPYR&gt;&lt;CUSTBLNC&gt;1275412.31000&lt;/CUSTBLNC&gt;&lt;DEPRECV&gt;0.00000&lt;/DEPRECV&gt;&lt;FNCHCYTD&gt;0.00000&lt;/FNCHCYTD&gt;&lt;FNCHLYRC&gt;0.00000&lt;/FNCHLYRC&gt;&lt;FRSTINDT&gt;2000-11-02T00:00:00&lt;/FRSTINDT&gt;&lt;HIBALLTD&gt;5058114.18000&lt;/HIBALLTD&gt;&lt;HIBALLYR&gt;5058114.18000&lt;/HIBALLYR&gt;&lt;HIBALYTD&gt;4406627.90000&lt;/HIBALYTD&gt;&lt;LASTAGED&gt;2015-07-17T00:00:00&lt;/LASTAGED&gt;&lt;LASTPYDT&gt;2015-01-22T00:00:00&lt;/LASTPYDT&gt;&lt;LASTSTDT&gt;1900-01-01T00:00:00&lt;/LASTSTDT&gt;&lt;LPYMTAMT&gt;409579.35000&lt;/LPYMTAMT&gt;&lt;LSTFCHAM&gt;0.00000&lt;/LSTFCHAM&gt;&lt;LSTNSFCD&gt;1900-01-01T00:00:00&lt;/LSTNSFCD&gt;&lt;LSTSTAMT&gt;0.00000&lt;/LSTSTAMT&gt;&lt;LSTTRXAM&gt;21987.30000&lt;/LSTTRXAM&gt;&lt;LSTTRXDT&gt;2015-07-16T00:00:00&lt;/LSTTRXDT&gt;&lt;NCSCHPMT&gt;0.00000&lt;/NCSCHPMT&gt;&lt;NONSFLIF&gt;0&lt;/NONSFLIF&gt;&lt;NONSFYTD&gt;0&lt;/NONSFYTD&gt;&lt;NUMADTPL&gt;17099&lt;/NUMADTPL&gt;&lt;NUMADTPR&gt;2852&lt;/NUMADTPR&gt;&lt;NUMADTPY&gt;238&lt;/NUMADTPY&gt;&lt;ONORDAMT&gt;0.00000&lt;/ONORDAMT&gt;&lt;RETAINAG&gt;0.00000&lt;/RETAINAG&gt;&lt;TBDDTLTD&gt;0.00000&lt;/TBDDTLTD&gt;&lt;TBDDTLYR&gt;0.00000&lt;/TBDDTLYR&gt;&lt;TBDDTYTD&gt;0.00000&lt;/TBDDTYTD&gt;&lt;TCOSTLTD&gt;0.00000&lt;/TCOSTLTD&gt;&lt;TCOSTLYR&gt;0.00000&lt;/TCOSTLYR&gt;&lt;TCOSTYTD&gt;0.00000&lt;/TCOSTYTD&gt;&lt;TCSHRLTD&gt;279456654.64000&lt;/TCSHRLTD&gt;&lt;TCSHRLYR&gt;409579.35000&lt;/TCSHRLYR&gt;&lt;TCSHRYTD&gt;0.00000&lt;/TCSHRYTD&gt;&lt;TDISAYTD&gt;0.00000&lt;/TDISAYTD&gt;&lt;TDTKNLTD&gt;0.00000&lt;/TDTKNLTD&gt;&lt;TDTKNLYR&gt;0.00000&lt;/TDTKNLYR&gt;&lt;TDTKNYTD&gt;0.00000&lt;/TDTKNYTD&gt;&lt;TFNCHLTD&gt;0.00000&lt;/TFNCHLTD&gt;&lt;TFNCHLYR&gt;0.00000&lt;/TFNCHLYR&gt;&lt;TFNCHYTD&gt;0.00000&lt;/TFNCHYTD&gt;&lt;TNSFCLIF&gt;0.00000&lt;/TNSFCLIF&gt;&lt;TNSFCYTD&gt;0.00000&lt;/TNSFCYTD&gt;&lt;TTLFCLTD&gt;0&lt;/TTLFCLTD&gt;&lt;TTLFCLYR&gt;0&lt;/TTLFCLYR&gt;&lt;TTLFCYTD&gt;0&lt;/TTLFCYTD&gt;&lt;TTLINLTD&gt;17177&lt;/TTLINLTD&gt;&lt;TTLINLYR&gt;3020&lt;/TTLINLYR&gt;&lt;TTLINYTD&gt;82&lt;/TTLINYTD&gt;&lt;TTLRTLTD&gt;0.00000&lt;/TTLRTLTD&gt;&lt;TTLRTLYR&gt;0.00000&lt;/TTLRTLYR&gt;&lt;TTLRTYTD&gt;0.00000&lt;/TTLRTYTD&gt;&lt;TTLSLLTD&gt;374929737.77000&lt;/TTLSLLTD&gt;&lt;TTLSLLYR&gt;80081153.00000&lt;/TTLSLLYR&gt;&lt;TTLSLYTD&gt;1434963.15000&lt;/TTLSLYTD&gt;&lt;TWROFLTD&gt;122.80000&lt;/TWROFLTD&gt;&lt;TWROFLYR&gt;3.01000&lt;/TWROFLYR&gt;&lt;TWROFYTD&gt;0.00000&lt;/TWROFYTD&gt;&lt;TWVFCLTD&gt;0.00000&lt;/TWVFCLTD&gt;&lt;TWVFCLYR&gt;0.00000&lt;/TWVFCLYR&gt;&lt;TWVFCYTD&gt;0.00000&lt;/TWVFCYTD&gt;&lt;UNPSTDCA&gt;11017688.61000&lt;/UNPSTDCA&gt;&lt;UNPSTDSA&gt;0.00000&lt;/UNPSTDSA&gt;&lt;UNPSTOCA&gt;0.00000&lt;/UNPSTOCA&gt;&lt;UNPSTOSA&gt;60850.55000&lt;/UNPSTOSA&gt;&lt;UPFCHYTD&gt;0.00000&lt;/UPFCHYTD&gt;&lt;WROFSLIF&gt;0.00000&lt;/WROFSLIF&gt;&lt;WROFSLYR&gt;0.00000&lt;/WROFSLYR&gt;&lt;WROFSYTD&gt;0.00000&lt;/WROFSYTD&gt;&lt;/Balance&gt;&lt;/Customer&gt;&lt;/eConnect&gt;&lt;/Customer_Balances:root&gt;</payload>
  <insertInfoXml />
  <processInfoXml />
  <sequencer>36484689536503633</sequencer>
  <retries>0</retries>
  <days>20150813</days>
  <hours>2015081319</hours>
</RxePipeMessage>