﻿<?xml version="1.0" encoding="UTF-8"?>
<MXRECEIPTInterface xmlns="http://www.mro.com/mx/integration" xmlns:xsi="http://www.w3.org/2001/XMLSchema-instance" language="EN">
  <Header operation="Notify" event="1">
    <SenderID type="MAXIMO" majorversion="6" minorversion="0" build="03" dbbuild="V600-341">SPC-RXE</SenderID>
    <CreationDateTime>2006-02-21T13:29:01-05:00</CreationDateTime>
    <RecipientID>MX</RecipientID>
    <MessageID>11405465418672325</MessageID>
  </Header>
  <Content>
    <MXRECEIPT>
      <MXRECEIPT action="Add">
        <ITEMNUM>560-00</ITEMNUM>

        <TRANSDATE>2006-02-21T13:28:59-05:00</TRANSDATE>
        <ACTUALDATE>2006-02-21T13:28:59-05:00</ACTUALDATE>
				<!-- <QUANTITY></QUANTITY> {removed 23May2006/dth} -->
        <RECEIVEDUNIT>EACH</RECEIVEDUNIT>
	<ISSUETYPE></ISSUETYPE>
	<UNITCOST></UNITCOST>
        <ACTUALCOST>25.0</ACTUALCOST>
        <PONUM>1075</PONUM>
  

        <REJECTQTY>0.0</REJECTQTY>

        <ENTERBY>WILSON</ENTERBY>

        <OUTSIDE>0</OUTSIDE>

        <PACKINGSLIPNUM />
        <POLINENUM>1</POLINENUM>
        <ISSUE>0</ISSUE>

				<LINECOST></LINECOST>
        <CURRENCYCODE>USD</CURRENCYCODE>

        <DESCRIPTION>Tubing, Copper-1 In ID X .030 In Wall</DESCRIPTION>

        <LOADEDCOST>100.0</LOADEDCOST>

        <STATUSDATE xsi:nil="true" />

        <CURBAL>612.0</CURBAL>

        <EXTERNALREFID />

        <SENDERSYSID>MX</SENDERSYSID>
        <ORGID>EAGLENA</ORGID>
        <SITEID>BEDFORD</SITEID>
	<POSITEID>BEDFORD</POSITEID>
        <COSTINFO>1</COSTINFO>
        <ENTEREDASTASK>0</ENTEREDASTASK>
        <LINETYPE>ITEM</LINETYPE>
        <RECEIPTQUANTITY>4.0</RECEIPTQUANTITY>

      </MXRECEIPT>
    </MXRECEIPT>
  </Content>
</MXRECEIPTInterface>

