<AP_APPL_PSTD_Payment:root xmlns:AP_APPL_PSTD_Payment="http://microsoft.com/eConnect/AP_APPL_PSTD_Payment.xsd">
  <eConnect ACTION="1" Requester_DOCTYPE="AP_APPL_PSTD_Payment" DBNAME="GPPLY" TABLENAME="PM20100" DATE1="2006-04-13T10:28:42.310" APTVCHNM="00000000000000001">
    <AP_APPL_PSTD_Payment>
      <APTVCHNM>00000000000000001</APTVCHNM>
      <APTODCNM>309865</APTODCNM>
      <APPLDAMT>100.00000</APPLDAMT>
      <APTODCDT>2006-04-13T00:00:00</APTODCDT>
      <DOCDATE>2006-04-13T00:00:00</DOCDATE>
    </AP_APPL_PSTD_Payment>
  </eConnect>
</AP_APPL_PSTD_Payment:root>
