<Customer_Balances:root xmlns:Customer_Balances="http://microsoft.com/eConnect/Customer_Balances.xsd">
  <eConnect ACTION="2" Requester_DOCTYPE="Customer_Balances" DBNAME="GPPLY" TABLENAME="RM00101" DATE1="2006-04-12T18:20:14.820" CUSTNMBR="JEFF0002">
    <Customer>
      <CUSTNMBR>JEFF0002</CUSTNMBR>
      <ADDRESS1>123 Main Street</ADDRESS1>
      <ADDRESS2></ADDRESS2>
      <ADDRESS3></ADDRESS3>
      <ADRSCODE>PRIMARY</ADRSCODE>
      <CITY>Valley City</CITY>
      <CNTCPRSN></CNTCPRSN>
      <COUNTRY>USA</COUNTRY>
      <CPRCSTNM></CPRCSTNM>
      <CURNCYID></CURNCYID>
      <CUSTCLAS></CUSTCLAS>
      <CUSTDISC>0</CUSTDISC>
      <CUSTNAME>JL Lawn Care Service</CUSTNAME>
      <PHONE1>55532336790000</PHONE1>
      <PHONE2>55551161817181</PHONE2>
      <PHONE3></PHONE3>
      <FAX>55584881000000</FAX>
      <PYMTRMID>Net 30</PYMTRMID>
      <SALSTERR>TERRITORY 6</SALSTERR>
      <SHIPMTHD></SHIPMTHD>
      <SLPRSNID>GREG E.</SLPRSNID>
      <STATE>ND</STATE>
      <TAXSCHID></TAXSCHID>
      <TXRGNNUM></TXRGNNUM>
      <UPSZONE></UPSZONE>
      <ZIP>58072</ZIP>
      <CPRCSTNM></CPRCSTNM>
      <STMTNAME>JL Lawn Care Service</STMTNAME>
      <SHRTNAME>JL Lawn Care</SHRTNAME>
      <PRBTADCD>PRIMARY</PRBTADCD>
      <PRSTADCD>PRIMARY</PRSTADCD>
      <STADDRCD>PRIMARY</STADDRCD>
      <CHEKBKID></CHEKBKID>
      <CRLMTTYP>0</CRLMTTYP>
      <CRLMTAMT>0.00000</CRLMTAMT>
      <CRLMTPER>0</CRLMTPER>
      <CRLMTPAM>0.00000</CRLMTPAM>
      <RATETPID></RATETPID>
      <CUSTDISC>0</CUSTDISC>
      <PRCLEVEL></PRCLEVEL>
      <MINPYTYP>0</MINPYTYP>
      <MINPYDLR>0.00000</MINPYDLR>
      <MINPYPCT>0</MINPYPCT>
      <FNCHATYP>0</FNCHATYP>
      <FNCHPCNT>0</FNCHPCNT>
      <FINCHDLR>0.00000</FINCHDLR>
      <MXWOFTYP>0</MXWOFTYP>
      <MXWROFAM>0.00000</MXWROFAM>
      <COMMENT1>comment1</COMMENT1>
      <COMMENT2>comment2</COMMENT2>
      <USERDEF1></USERDEF1>
      <USERDEF2></USERDEF2>
      <TAXEXMT1></TAXEXMT1>
      <TAXEXMT2></TAXEXMT2>
      <TXRGNNUM></TXRGNNUM>
      <BALNCTYP>0</BALNCTYP>
      <STMTCYCL>5</STMTCYCL>
      <BANKNAME></BANKNAME>
      <BNKBRNCH></BNKBRNCH>
      <SALSTERR>TERRITORY 6</SALSTERR>
      <FRSTINDT>1900-01-01T00:00:00</FRSTINDT>
      <INACTIVE>0</INACTIVE>
      <HOLD>0</HOLD>
      <CRCARDID></CRCARDID>
      <CRCRDNUM></CRCRDNUM>
      <CCRDXPDT>1900-01-01T00:00:00</CCRDXPDT>
      <KPDSTHST>1</KPDSTHST>
      <KPCALHST>1</KPCALHST>
      <KPERHIST>1</KPERHIST>
      <KPTRXHST>1</KPTRXHST>
      <CREATDDT>2006-04-12T00:00:00</CREATDDT>
      <MODIFDT>2006-04-12T00:00:00</MODIFDT>
      <Revalue_Customer>1</Revalue_Customer>
      <Post_Results_To>0</Post_Results_To>
      <FINCHID></FINCHID>
      <GOVCRPID></GOVCRPID>
      <GOVINDID></GOVINDID>
      <DISGRPER>0</DISGRPER>
      <DUEGRPER>0</DUEGRPER>
      <DOCFMTID></DOCFMTID>
      <Send_Email_Statements>0</Send_Email_Statements>
      <GPSFOINTEGRATIONID></GPSFOINTEGRATIONID>
      <INTEGRATIONSOURCE>0</INTEGRATIONSOURCE>
      <INTEGRATIONID></INTEGRATIONID>
      <Balance>
        <CUSTNMBR>JEFF0002</CUSTNMBR>
        <AGPERAMT_1>145.00000</AGPERAMT_1>
        <AGPERAMT_2>0.00000</AGPERAMT_2>
        <AGPERAMT_3>0.00000</AGPERAMT_3>
        <AGPERAMT_4>0.00000</AGPERAMT_4>
        <AGPERAMT_5>0.00000</AGPERAMT_5>
        <AGPERAMT_6>0.00000</AGPERAMT_6>
        <AGPERAMT_7>0.00000</AGPERAMT_7>
        <AVDTPLIF>0</AVDTPLIF>
        <AVDTPLYR>0</AVDTPLYR>
        <AVGDTPYR>0</AVGDTPYR>
        <CUSTBLNC>145.00000</CUSTBLNC>
        <DEPRECV>0.00000</DEPRECV>
        <FNCHCYTD>0.00000</FNCHCYTD>
        <FNCHLYRC>0.00000</FNCHLYRC>
        <FRSTINDT>2006-04-12T00:00:00</FRSTINDT>
        <HIBALLTD>500.00000</HIBALLTD>
        <HIBALLYR>0.00000</HIBALLYR>
        <HIBALYTD>500.00000</HIBALYTD>
        <LASTAGED>2006-04-12T00:00:00</LASTAGED>
        <LASTPYDT>2006-04-12T00:00:00</LASTPYDT>
        <LASTSTDT>1900-01-01T00:00:00</LASTSTDT>
        <LPYMTAMT>5.00000</LPYMTAMT>
        <LSTFCHAM>0.00000</LSTFCHAM>
        <LSTNSFCD>1900-01-01T00:00:00</LSTNSFCD>
        <LSTSTAMT>0.00000</LSTSTAMT>
        <LSTTRXAM>500.00000</LSTTRXAM>
        <LSTTRXDT>2006-04-12T00:00:00</LSTTRXDT>
        <NCSCHPMT>0.00000</NCSCHPMT>
        <NONSFLIF>0</NONSFLIF>
        <NONSFYTD>0</NONSFYTD>
        <NUMADTPL>0</NUMADTPL>
        <NUMADTPR>0</NUMADTPR>
        <NUMADTPY>0</NUMADTPY>
        <ONORDAMT>0.00000</ONORDAMT>
        <RETAINAG>0.00000</RETAINAG>
        <TBDDTLTD>0.00000</TBDDTLTD>
        <TBDDTLYR>0.00000</TBDDTLYR>
        <TBDDTYTD>0.00000</TBDDTYTD>
        <TCOSTLTD>0.00000</TCOSTLTD>
        <TCOSTLYR>0.00000</TCOSTLYR>
        <TCOSTYTD>0.00000</TCOSTYTD>
        <TCSHRLTD>355.00000</TCSHRLTD>
        <TCSHRLYR>0.00000</TCSHRLYR>
        <TCSHRYTD>355.00000</TCSHRYTD>
        <TDISAYTD>0.00000</TDISAYTD>
        <TDTKNLTD>0.00000</TDTKNLTD>
        <TDTKNLYR>0.00000</TDTKNLYR>
        <TDTKNYTD>0.00000</TDTKNYTD>
        <TFNCHLTD>0.00000</TFNCHLTD>
        <TFNCHLYR>0.00000</TFNCHLYR>
        <TFNCHYTD>0.00000</TFNCHYTD>
        <TNSFCLIF>0.00000</TNSFCLIF>
        <TNSFCYTD>0.00000</TNSFCYTD>
        <TTLFCLTD>0</TTLFCLTD>
        <TTLFCLYR>0</TTLFCLYR>
        <TTLFCYTD>0</TTLFCYTD>
        <TTLINLTD>1</TTLINLTD>
        <TTLINLYR>0</TTLINLYR>
        <TTLINYTD>1</TTLINYTD>
        <TTLRTLTD>0.00000</TTLRTLTD>
        <TTLRTLYR>0.00000</TTLRTLYR>
        <TTLRTYTD>0.00000</TTLRTYTD>
        <TTLSLLTD>500.00000</TTLSLLTD>
        <TTLSLLYR>0.00000</TTLSLLYR>
        <TTLSLYTD>500.00000</TTLSLYTD>
        <TWROFLTD>0.00000</TWROFLTD>
        <TWROFLYR>0.00000</TWROFLYR>
        <TWROFYTD>0.00000</TWROFYTD>
        <TWVFCLTD>0.00000</TWVFCLTD>
        <TWVFCLYR>0.00000</TWVFCLYR>
        <TWVFCYTD>0.00000</TWVFCYTD>
        <UNPSTDCA>0.00000</UNPSTDCA>
        <UNPSTDSA>0.00000</UNPSTDSA>
        <UNPSTOCA>0.00000</UNPSTOCA>
        <UNPSTOSA>0.00000</UNPSTOSA>
        <UPFCHYTD>0.00000</UPFCHYTD>
        <WROFSLIF>0.00000</WROFSLIF>
        <WROFSLYR>0.00000</WROFSLYR>
        <WROFSYTD>0.00000</WROFSYTD>
      </Balance>
    </Customer>
  </eConnect>
</Customer_Balances:root>