<?xml version="1.0" encoding="utf-16"?>
<RxePipeMessage xmlns:xsi="http://www.w3.org/2001/XMLSchema-instance" xmlns:xsd="http://www.w3.org/2001/XMLSchema">
  <PipeDataId>320da707-5712-11e5-bbd0-005056b1095c</PipeDataId>
  <lastPipeDataId>048c854c-5712-11e5-bbd0-005056b1095c</lastPipeDataId>
  <PipeId>3</PipeId>
  <InsertUtcTime>2015-09-09T16:45:37.5451527Z</InsertUtcTime>
  <messageName>DS01</messageName>
  <insertNodeId>7</insertNodeId>
  <ProcessStatus>Ready</ProcessStatus>
  <processTime>0001-01-01T00:00:00</processTime>
  <processNodeId>0</processNodeId>
  <payload>&lt;NewDataSet&gt;&lt;nb_l4que_cusbal&gt;&lt;!--    &lt;rowid&gt;&lt;/rowid&gt; --&gt;&lt;datewritten&gt;2015-09-09 12:45:37&lt;/datewritten&gt;&lt;dateprocessed&gt;2015-09-09 12:45:37&lt;/dateprocessed&gt;&lt;status&gt;U&lt;/status&gt;&lt;cus_cd&gt;1056&lt;/cus_cd&gt;&lt;cus_grp&gt;&lt;/cus_grp&gt;&lt;current_amt&gt;4361331.43000&lt;/current_amt&gt;&lt;amt1&gt;863896.38000&lt;/amt1&gt;&lt;amt2&gt;0.00000&lt;/amt2&gt;&lt;amt3&gt;0.00000&lt;/amt3&gt;&lt;sybase_dt&gt;&lt;/sybase_dt&gt;&lt;/nb_l4que_cusbal&gt;&lt;/NewDataSet&gt;</payload>
  <insertInfoXml />
  <processInfoXml />
  <sequencer>36507915375451527</sequencer>
  <retries>0</retries>
  <days>20150909</days>
  <hours>2015090916</hours>
</RxePipeMessage>