<?xml version="1.0" encoding="UTF-8"?>
<PublishMXVENDOR xmlns="http://www.ibm.com/maximo" xmlns:xsi="http://www.w3.org/2001/XMLSchema-instance" creationDateTime="2013-03-15T16:52:04-04:00" transLanguage="EN" baseLanguage="EN" messageID="1363380725084423889" maximoVersion="7 5 20120713-1120 V7503-157" event="1">
	<CGMXVENDORSet>
		<COMPANIES action="Replace">
			<ADDRESS1>4244 Mt. Pleasant St. NW, Suite 100</ADDRESS1>
			<ADDRESS2>North Canton</ADDRESS2>
			<ADDRESS3>Ohio</ADDRESS3>
			<ADDRESS4>44720</ADDRESS4>
			<ADDRESS5>USA</ADDRESS5>
			<APCONTROLACC>
				<VALUE>10-23000-000-0000</VALUE>
				<GLCOMP glorder="0">10</GLCOMP>
				<GLCOMP glorder="1">23000</GLCOMP>
				<GLCOMP glorder="2">000</GLCOMP>
				<GLCOMP glorder="3">0000</GLCOMP>
			</APCONTROLACC>
			<APSUSPENSEACC>
				<VALUE>10-23000-000-0000</VALUE>
				<GLCOMP glorder="0">10</GLCOMP>
				<GLCOMP glorder="1">23000</GLCOMP>
				<GLCOMP glorder="2">000</GLCOMP>
				<GLCOMP glorder="3">0000</GLCOMP>
			</APSUSPENSEACC>
			<AUTOAPPROVEINV>0</AUTOAPPROVEINV>
			<AUTORECEIVEONASN>0</AUTORECEIVEONASN>
			<AUTOSENDPOCANCEL>0</AUTOSENDPOCANCEL>
			<BANKACCOUNT />
			<BANKNUM />
			<CATALOGNAME>x</CATALOGNAME>
			<CELLPHONE />
			<CHANGEBY changed="1">MAXADMIN</CHANGEBY>
			<CHANGEDATE changed="1">2013-03-15T16:52:04-04:00</CHANGEDATE>
			<COMPANIESID>93352</COMPANIESID>
			<COMPANY>10009</COMPANY>
			<CONSACCT />
			<CONTACT>Matt Sam</CONTACT>
			<CURRENCYCODE>USD</CURRENCYCODE>
			<CUSTOMERNUM />
			<DEFAULTWAREHOUSE />
			<DISABLED>0</DISABLED>
			<DUNSNUM />
			<ECOMINTERFACE />
			<ECOMMERCEENABLED>0</ECOMMERCEENABLED>
			<EXTERNALREFID />
			<FAX>330-477-6024</FAX>
			<FOB />
			<FREIGHTTERMS />
			<FREIGHTTERMS_LONGDESCRIPTION />
			<HOMEPAGE>www.WahlRef.com</HOMEPAGE>
			<INCLUSIVE1>1</INCLUSIVE1>
			<INCLUSIVE2>1</INCLUSIVE2>
			<INCLUSIVE3>1</INCLUSIVE3>
			<INCLUSIVE4>1</INCLUSIVE4>
			<INCLUSIVE5>1</INCLUSIVE5>
			<INSPECTIONREQUIRED>0</INSPECTIONREQUIRED>
			<INSUREXPDATE>2013-06-15T00:00:00-04:00</INSUREXPDATE>
			<LOCATION />
			<MNETCOMPANYID />
			<NAME>WAHL REFRACTORY SOLUTIONS</NAME>
			<NAME_LONGDESCRIPTION />
			<NSDQREASON />
			<NS_CARRIER_MODE />
			<NS_CLASS>STANDARD</NS_CLASS>
			<NS_COMMIT>1</NS_COMMIT>
			<NS_CREATE>0</NS_CREATE>
			<NS_CREATEDBY>NBPIEG</NS_CREATEDBY>
			<NS_ONSITESERVICE>1</NS_ONSITESERVICE>
			<NS_PRIMARY_EMAIL />
			<NS_REMARKS>a</NS_REMARKS>
			<NS_REMIT_EMAIL>sherman@wahlref.com</NS_REMIT_EMAIL>
			<NS_REMIT_PHONE>1-800-837-9245</NS_REMIT_PHONE>
			<NS_REMIT_FAX>419-334-9445</NS_REMIT_FAX>
			<ORGID>STEELMILL</ORGID>
			<OWNERSYSID />
			<PARENTCOMPANY />
			<PAYMENTTERMS>NET 45</PAYMENTTERMS>
			<PAYONRECEIPT>0</PAYONRECEIPT>
			<PAYVENDOR />
			<PHONE>330-477-4527</PHONE>
			<PUNCHOUTENABLED>0</PUNCHOUTENABLED>
			<PWPREF_TRANS maxvalue="EMAIL">EMAIL</PWPREF_TRANS>
			<PWEMAIL>sales@wahlref.com</PWEMAIL>
			<RBNIACC>
				<VALUE>10-23092-000-0000</VALUE>
				<GLCOMP glorder="0">10</GLCOMP>
				<GLCOMP glorder="1">23092</GLCOMP>
				<GLCOMP glorder="2">000</GLCOMP>
				<GLCOMP glorder="3">0000</GLCOMP>
			</RBNIACC>
			<REGISTRATION1 />
			<REGISTRATION2 />
			<REGISTRATION3 />
			<REGISTRATION4 />
			<REGISTRATION5 />
			<REMITADDRESS1>767 Wahl Refractory Solutions, LLC</REMITADDRESS1>
			<REMITADDRESS2>Fremont</REMITADDRESS2>
			<REMITADDRESS3>Ohio</REMITADDRESS3>
			<REMITADDRESS4>43420</REMITADDRESS4>
			<REMITADDRESS5 />
			<REMITCONTACT>Matt Sam</REMITCONTACT>
			<SENDERSYSID>MX</SENDERSYSID>
			<SHIPADDRESS1 />
			<SHIPADDRESS2 />
			<SHIPADDRESS3 />
			<SHIPADDRESS4 />
			<SHIPADDRESS5 />
			<SHIPCONTACT />
			<SHIPFAX />
			<SHIPPHONE />
			<SHIPVIA />
			<SOURCESYSID />
			<TAX1CODE />
			<TAX2CODE />
			<TAX3CODE />
			<TAX4CODE />
			<TAX5CODE />
			<TAXEXEMPTCODE />
			<TAXEXEMPTNUM />
			<TOOLCONTROLACCOUNT />
			<TYPE>V</TYPE>
			<USEPARENTREMITTO>0</USEPARENTREMITTO>
			<VENDORSENDSASN>0</VENDORSENDSASN>
			<VENDORSENDSINV>0</VENDORSENDSINV>
			<VENDORSENDSSTATUS>0</VENDORSENDSSTATUS>
			<COMPCONTACT>
				<CELLPHONE />
				<COMPCONTACTID>82078</COMPCONTACTID>
				<CONTACT>Matt Sam</CONTACT>
				<EMAIL>Matt.Sam@selinskyforce.com</EMAIL>
				<FAXPHONE>330-477-6024</FAXPHONE>
				<HOMEPHONE />
				<MNETUSERID />
				<PAGERPHONE />
				<POSITION>Refractory Project Manag</POSITION>
				<PROCCARDEXPIREDATE xsi:nil="true" />
				<PROCUREMENTCARDNUM />
				<PWPREF_TRANS maxvalue="EMAIL">EMAIL</PWPREF_TRANS>
				<VOICEPHONE>330-477-4527</VOICEPHONE>
			</COMPCONTACT>
		</COMPANIES>
	</CGMXVENDORSet>
</PublishMXVENDOR>
