<?xml version="1.0" encoding="UTF-8"?>
<PublishCGMXGLTXN xmlns="http://www.ibm.com/maximo" xmlns:xsi="http://www.w3.org/2001/XMLSchema-instance" creationDateTime="2013-05-16T12:53:01-04:00" transLanguage="EN" baseLanguage="EN" messageID="1368723181082374677" maximoVersion="7 5 20120713-1120 V7503-157" event="1">
	<CGMXGLTXNSet>
		<MXGLTXN action="Add">
			<ACCEPTEDCOST xsi:nil="true" />
			<ACTUALCOST xsi:nil="true" />
			<ACTUALDATE xsi:nil="true" />
			<ASSETNUM />
			<BELONGSTO xsi:nil="true" />
			<BINNUM />
			<CHANGEBY />
			<CHANGEDATE xsi:nil="true" />
			<CLAIMNUM />
			<COMMODITY />
			<COMMODITYGROUP />
			<CONDITIONCODE  />
			<CONDRATE  xsi:nil="true" />
			<CONTRACTNUM />
			<CONVERSION xsi:nil="true" />
			<COSTINFO>1</COSTINFO>
			<COSTLINENUM xsi:nil="true" />
			<COURIER />
			<CRAFT />
			<CURBAL>46.0</CURBAL>
			<CURRENCYCODE />
			<CURRENCYLINECOST xsi:nil="true" />
			<CURRENCYUNITCOST xsi:nil="true" />
			<DESCRIPTION />
			<ENTERBY>MAXADMIN</ENTERBY>
			<ENTERDATE xsi:nil="true" />
			<ENTEREDASTASK>0</ENTEREDASTASK>
			<EXCHANGERATE xsi:nil="true" />
			<EXCHANGERATE2  xsi:nil="true" />
			<EXTERNALREFID  />
			<FCPROJECTID />
			<FCTASKID />
			<FINANCIALPERIOD >7</FINANCIALPERIOD>
			<FINCNTRLID />
			<FINISHDATE xsi:nil="true" />
			<FINISHTIME xsi:nil="true" />
			<FROMBIN />
			<FROMCONDITIONCODE />
			<FROMLOT />
			<FROMSITEID />
			<FROMSTORELOC />
			<GENAPPRSERVRECEIPT>0</GENAPPRSERVRECEIPT>
			<GLCREDITACCT >
				<VALUE>10-70647-000-0000</VALUE>
				<GLCOMP glorder="0">10</GLCOMP>
				<GLCOMP glorder="1">70647</GLCOMP>
				<GLCOMP glorder="2">000</GLCOMP>
				<GLCOMP glorder="3">0000</GLCOMP>
			</GLCREDITACCT>
			<GLDEBITACCT >
				<VALUE>10-17119-000-0000</VALUE>
				<GLCOMP glorder="0">10</GLCOMP>
				<GLCOMP glorder="1">17119</GLCOMP>
				<GLCOMP glorder="2">000</GLCOMP>
				<GLCOMP glorder="3">0000</GLCOMP>
			</GLDEBITACCT>
			<INSPECTEDQTY xsi:nil="true" />
			<INSPECTIONCOST xsi:nil="true" />
			<INVOICELINENUM xsi:nil="true" />
			<INVOICENUM />
			<INVOICETRANSID xsi:nil="true" />
			<INVTRANSID >655678</INVTRANSID>
			<ISSUE>0</ISSUE>
			<ISSUEID xsi:nil="true" />
			<ISSUETO />
			<ISSUETYPE />
			<IT1 />
			<IT10 />
			<IT2 />
			<IT3 />
			<IT4 xsi:nil="true" />
			<IT5 />
			<IT6 />
			<IT7 />
			<IT8 />
			<IT9 />
			<ITEMNUM >26000027</ITEMNUM>
			<ITEMSETID >MASTER</ITEMSETID>
			<ITIN1 />
			<ITIN2 />
			<ITIN3 />
			<ITIN4 />
			<ITIN5 />
			<ITIN6 />
			<ITIN7 />
			<LABORCODE />
			<LABTRANSID xsi:nil="true" />
			<LINECOST >73.14</LINECOST>
			<LINECOST2 >0.0</LINECOST2>
			<LINETYPE />
			<LOADEDCOST xsi:nil="true" />
			<LOCATION />
			<LOTNUM />
			<MANUFACTURER />
			<MATRECTRANSID xsi:nil="true" />
			<MATUSETRANSID xsi:nil="true" />
			<MEMO/>
			<MODELNUM />
			<MRLINENUM xsi:nil="true" />
			<MRNUM />
			<NEWCOST>4.0</NEWCOST>
			<OLDAVGCOST xsi:nil="true" />
			<OLDCOST>2.41</OLDCOST>
			<ORGID>STEELMILL</ORGID>
			<OUTSIDE>0</OUTSIDE>
			<OWNERSYSID />
			<PACKINGSLIPNUM />
			<PAYMENTTRANSDATE xsi:nil="true" />
			<PAYRATE xsi:nil="true" />
			<PHYSCNT>0.0</PHYSCNT>
			<POLINENUM xsi:nil="true" />
			<PONUM />
			<POREVISIONNUM xsi:nil="true" />
			<POSITEID />
			<PREMIUMPAYCODE />
			<PREMIUMPAYHOURS xsi:nil="true" />
			<PREMIUMPAYRATE xsi:nil="true" />
			<PREMIUMPAYRATETYPE />
			<PRORATECOST xsi:nil="true" />
			<PRORATED>0</PRORATED>
			<QTYHELD xsi:nil="true" />
			<QTYREQUESTED xsi:nil="true" />
			<QTYRETURNED xsi:nil="true" />
			<QUANTITY>46.0</QUANTITY>
			<RECEIPTREF xsi:nil="true" />
			<RECEIVEDUNIT />
			<REFWO />
			<REGULARHRS xsi:nil="true" />
			<REJECTCODE />
			<REJECTCOST xsi:nil="true" />
			<REJECTQTY xsi:nil="true" />
			<REMARK />
			<REQUESTEDBY />
			<REVISIONNUM xsi:nil="true" />
			<ROLLUP>0</ROLLUP>
			<ROTASSETNUM />
			<ROTASSETSITE />
			<SENDERSYSID />
			<SERVRECTRANSID xsi:nil="true" />
			<SITEID >DELTA</SITEID>
			<SKILLLEVEL />
			<SOURCEMBO >INVTRANS</SOURCEMBO>
			<SOURCESYSID  />
			<SPAREPARTADDED>0</SPAREPARTADDED>
			<SSPL1 />
			<SSPL2 />
			<SSPL3 />
			<SSPL4 />
			<SSPL5 />
			<SSPL6 />
			<SSPL7 />
			<STARTDATE xsi:nil="true" />
			<STARTTIME xsi:nil="true" />
			<STATUS />
			<STATUSCHANGEBY />
			<STATUSDATE xsi:nil="true" />
			<STORELOC >WAREHOUS</STORELOC>
			<TASKID xsi:nil="true" />
			<TAX1 xsi:nil="true" />
			<TAX1CODE />
			<TAX2 xsi:nil="true" />
			<TAX2CODE />
			<TAX3 xsi:nil="true" />
			<TAX3CODE />
			<TAX4 xsi:nil="true" />
			<TAX4CODE />
			<TAX5 xsi:nil="true" />
			<TAX5CODE />
			<TICKETCLASS />
			<TICKETID />
			<TIMERSTATUS />
			<TOBIN />
			<TOLOT />
			<TOOLHRS xsi:nil="true" />
			<TOOLQTY xsi:nil="true" />
			<TOOLRATE xsi:nil="true" />
			<TOOLTRANSID xsi:nil="true" />
			<TOSITEID />
			<TOSTORELOC />
			<TOTALCURBAL xsi:nil="true" />
			<TRANSDATE >2013-05-16T12:53:00-04:00</TRANSDATE>
			<TRANSTYPE >AVGCSTADJ</TRANSTYPE>
			<UNITCOST xsi:nil="true" />
			<VENDOR />
			<WONUM />
			<NS_CUST_FLD>26000027....AVGCSTADJ.MAXADMIN</NS_CUST_FLD>
		</MXGLTXN>
	</CGMXGLTXNSet>
</PublishCGMXGLTXN>
