<?xml version="1.0" encoding="UTF-8"?>
<PublishCGMXINVOICE xmlns="http://www.ibm.com/maximo" xmlns:xsi="http://www.w3.org/2001/XMLSchema-instance" creationDateTime="2013-05-08T13:32:29-04:00" transLanguage="EN" baseLanguage="EN" messageID="1368034349932939584" maximoVersion="7 5 20120713-1120 V7503-157" event="1">
	<CGMXINVOICESet>
		<INVOICE action="Replace">
			<APCONTROLACCT>
				<VALUE>10-23000-000-0000</VALUE>
				<GLCOMP glorder="0">10</GLCOMP>
				<GLCOMP glorder="1">23000</GLCOMP>
				<GLCOMP glorder="2">000</GLCOMP>
				<GLCOMP glorder="3">0000</GLCOMP>
			</APCONTROLACCT>
			<APPROVALNUM changed="1">10570525</APPROVALNUM>
			<APSUSPENSEACCT>
				<VALUE>10-23000-000-0000</VALUE>
				<GLCOMP glorder="0">10</GLCOMP>
				<GLCOMP glorder="1">23000</GLCOMP>
				<GLCOMP glorder="2">000</GLCOMP>
				<GLCOMP glorder="3">0000</GLCOMP>
			</APSUSPENSEACCT>
			<BANKACCOUNT />
			<BANKNUM />
			<BASETOTALCOST>9287.0</BASETOTALCOST>
			<CHANGEBY>MXINTADM</CHANGEBY>
			<CHANGEDATE>2013-05-16T05:38:36-04:00</CHANGEDATE>
			<CHECKCODE />
			<CHECKNUM />
			<CONTACT>Ann Birsa</CONTACT>
			<CONTRACTREFID xsi:nil="true" />
			<CONTRACTREFNUM />
			<CONTRACTREFREV xsi:nil="true" />
			<CURRENCYCODE>USD</CURRENCYCODE>
			<DESCRIPTION />
			<DESCRIPTION_LONGDESCRIPTION />
			<DISCOUNT xsi:nil="true" />
			<DISCOUNTDATE xsi:nil="true" />
			<DOCUMENTTYPE>INVOICE</DOCUMENTTYPE>
			<DUEDATE xsi:nil="true" />
			<EINVOICE>0</EINVOICE>
			<ENTERBY>MAXADMIN</ENTERBY>
			<ENTERDATE>2013-05-08T13:31:48-04:00</ENTERDATE>
			<EXCHANGEDATE>2013-05-16T00:00:00-04:00</EXCHANGEDATE>
			<EXCHANGERATE>1.0</EXCHANGERATE>
			<EXCHANGERATE2 xsi:nil="true" />
			<EXTERNALREFID />
			<FINANCIALPERIOD>7</FINANCIALPERIOD>
			<GLPOSTDATE>2013-05-08T13:31:48-04:00</GLPOSTDATE>
			<HISTORYFLAG>0</HISTORYFLAG>
			<INCLUSIVE1>0</INCLUSIVE1>
			<INCLUSIVE2>0</INCLUSIVE2>
			<INCLUSIVE3>0</INCLUSIVE3>
			<INCLUSIVE4>0</INCLUSIVE4>
			<INCLUSIVE5>0</INCLUSIVE5>
			<INVOICEDATE>2013-05-16T00:00:00-04:00</INVOICEDATE>
			<INVOICEID>10570626</INVOICEID>
			<INVOICENUM>10452777</INVOICENUM>
			<NP_DESCRIPTION />
			<NP_GLPOSTDATE xsi:nil="true" />
			<NP_INVOICENUM />
			<NP_ISREVERSE>0</NP_ISREVERSE>
			<NP_REVREASON />
			<NP_STATUS />
			<NP_STATUSMEMO />
			<NS_INV_ROUTETO />
			<NS_POREQBY />
			<NS_RETURNREASON />
			<NS_TOTAL_FREIGHT>0.00</NS_TOTAL_FREIGHT>
			<NS_TOTAL_TAX>0.00</NS_TOTAL_TAX>
			<ORGID>STEELMILL</ORGID>
			<ORIGINVOICENUM />
			<OWNERSYSID />
			<PAID xsi:nil="true" />
			<PAIDDATE xsi:nil="true" />
			<PAYMENTTERMS>NET30</PAYMENTTERMS>
			<PONUM>234888</PONUM>
			<POSITEID>DELTA</POSITEID>
			<REVINVOICENUM />
			<REVREASON />
			<SCHEDULEID xsi:nil="true" />
			<SCHEDULENUM xsi:nil="true" />
			<SCHEDULEREV xsi:nil="true" />
			<SENDERSYSID>MX</SENDERSYSID>
			<SITEID>DELTA</SITEID>
			<SOURCESYSID />
			<STATUS maxvalue="APPR">APPR</STATUS>
			<STATUSDATE>2013-05-16T05:38:28-04:00</STATUSDATE>
			<STATUSIFACE>0</STATUSIFACE>
			<SYSCODE>128</SYSCODE>
			<TARGINVSTATUS />
			<TAX1GL />
			<TAX2GL />
			<TAX3GL />
			<TAX4GL />
			<TAX5GL />
			<TOTALCOST>48.0</TOTALCOST>
			<TOTALTAX1>0.0</TOTALTAX1>
			<TOTALTAX2>0.0</TOTALTAX2>
			<TOTALTAX3>0.0</TOTALTAX3>
			<TOTALTAX4>0.0</TOTALTAX4>
			<TOTALTAX5>0.0</TOTALTAX5>
			<VENDOR>1275</VENDOR>
			<VENDORINVOICENUM>10570626</VENDORINVOICENUM>
			<INVOICELINE>
				<CLASSSTRUCTUREID />
				<CONDITIONCODE />
				<COMMODITYGROUP>SCRAP</COMMODITYGROUP>
				<COMMODITY />
				<CONSTRANSID xsi:nil="true" />
				<CONTRACTREFID xsi:nil="true" />
				<CONTRACTREFNUM />
				<CONTRACTREFREV xsi:nil="true" />
				<CONTREFLINEID xsi:nil="true" />
				<CONVERSION>1.0</CONVERSION>
				<COSTOVERRECEIVED xsi:nil="true" />
				<DESCRIPTION>{TS635032}2738761</DESCRIPTION>
				<DESCRIPTION_LONGDESCRIPTION />
				<ENTERBY>MAXADMIN</ENTERBY>
				<ENTERDATE>2013-05-08T13:32:06-04:00</ENTERDATE>
				<INVOICELIN1 />
				<INVOICELIN2>0</INVOICELIN2>
				<INVOICELIN3>0</INVOICELIN3>
				<INVOICELIN4 />
				<INVOICELIN5 />
				<INVOICELIN6 />
				<INVOICELIN7 />
				<INVOICELIN8 />
				<INVOICELIN9 />
				<INVOICELINEID>9205770</INVOICELINEID>
				<INVOICELINENUM>1</INVOICELINENUM>
				<INVOICEQTY>8.0</INVOICEQTY>
				<INVOICEUNIT>EA</INVOICEUNIT>
				<ITEMNUM>CLIPS</ITEMNUM>
				<ITEMSETID>MASTER</ITEMSETID>
				<LEASEASSET />
				<LINECOST>48.0</LINECOST>
				<LINECOST2>0.0</LINECOST2>
				<LINETYPE>ITEM</LINETYPE>
				<LOADEDCOST>48.0</LOADEDCOST>
				<NS_PAYONRECEIPT>0</NS_PAYONRECEIPT>
				<NS_TAXABLE>0</NS_TAXABLE>
				<ORGID>STEELMILL</ORGID>
				<ORIGINATOR />
				<POLINENUM>2</POLINENUM>
				<PONUM>234888</PONUM>
				<POREVISIONNUM>0</POREVISIONNUM>
				<POSITEID>DELTA</POSITEID>
				<POTOLERANCELINE>0</POTOLERANCELINE>
				<PRICEVAR />
				<PRORATECOST>0.0</PRORATECOST>
				<PRORATED>0</PRORATED>
				<PRORATESERVICE>0</PRORATESERVICE>
				<QTYOVERRECEIVED xsi:nil="true" />
				<RECEIPTREQD>1</RECEIPTREQD>
				<TAX1>0.0</TAX1>
				<TAX1CODE />
				<TAX2>0.0</TAX2>
				<TAX2CODE />
				<TAX3>0.0</TAX3>
				<TAX3CODE />
				<TAX4>0.0</TAX4>
				<TAX4CODE />
				<TAX5>0.0</TAX5>
				<TAX5CODE />
				<TAXEXEMPT>0</TAXEXEMPT>
				<UNITCOST>6.0</UNITCOST>
				<VENDOR>1275</VENDOR>
				<INVOICECOST>
					<ASSETNUM />
					<CHARGESTORE>0</CHARGESTORE>
					<COSTLINENUM>1</COSTLINENUM>
					<ENTEREDASTASK>0</ENTEREDASTASK>
					<FCPROJECTID />
					<FCTASKID />
					<FINCNTRLID />
					<GLCREDITACCT>
						<VALUE>10-23092-000-0000</VALUE>
						<GLCOMP glorder="0">10</GLCOMP>
						<GLCOMP glorder="1">23092</GLCOMP>
						<GLCOMP glorder="2">000</GLCOMP>
						<GLCOMP glorder="3">0000</GLCOMP>
					</GLCREDITACCT>
					<GLDEBITACCT>
						<VALUE>10-70580-852-0000</VALUE>
						<GLCOMP glorder="0">10</GLCOMP>
						<GLCOMP glorder="1">70580</GLCOMP>
						<GLCOMP glorder="2">852</GLCOMP>
						<GLCOMP glorder="3">0000</GLCOMP>
					</GLDEBITACCT>
					<ICT1 />
					<ICT2>0</ICT2>
					<ICT3>0</ICT3>
					<INVOICECOSTID>16652748</INVOICECOSTID>
					<LINECOST>48.0</LINECOST>
					<LOCATION />
					<MEMO />
					<ORGID>STEELMILL</ORGID>
					<PERCENTAGE>100.0</PERCENTAGE>
					<POSITEID>DELTA</POSITEID>
					<QUANTITY>8.0</QUANTITY>
					<REFWO />
					<TOSITEID>DELTA</TOSITEID>
					<UNITCOST>6.0</UNITCOST>
					<VENDOR>1275</VENDOR>
				</INVOICECOST>
			</INVOICELINE>
		</INVOICE>
	</CGMXINVOICESet>
</PublishCGMXINVOICE>
