﻿<SyncCGMXINVOICE xmlns="http://www.ibm.com/maximo" creationDateTime="2013-03-04 15:31:30" baseLanguage="EN" transLanguage="EN" messageID="1363274701455713090" maximoVersion="7 5 20120713-1120 V7503-157"><CGMXINVOICESet><INVOICE action="Change"><INVOICENUM></INVOICENUM><PAIDDATE>2015-09-09T12:46:07-04:00</PAIDDATE><PAID></PAID><CHANGEDATE>2015-09-09T12:46:07-04:00</CHANGEDATE><CHANGEBY>MXINTADM</CHANGEBY><SENDERSYSID>DYNAMICS-RXE</SENDERSYSID><SITEID>DELTA</SITEID><ORGID>STEELMILL</ORGID></INVOICE></CGMXINVOICESet></SyncCGMXINVOICE>