<?xml version="1.0"?>
<eConnect xsi:schemaLocation="http://your_namespace file://C:\RxE\(junk)\Documentation\GLTransaction.xsd" xmlns="http://your_namespace" xmlns:xsi="http://www.w3.org/2001/XMLSchema-instance">
	<GLTransactionType>
		<eConnectProcessInfo>
			<ConnectionString>#PCDATA</ConnectionString>
			<ProductName>#PCDATA</ProductName>
			<Sender>#PCDATA</Sender>
			<Outgoing>#PCDATA</Outgoing>
			<eConnectProcsRunFirst>#PCDATA</eConnectProcsRunFirst>
			<MessageID>#PCDATA</MessageID>
			<SiteID>#PCDATA</SiteID>
			<DocumentName>#PCDATA</DocumentName>
			<Version>#PCDATA</Version>
			<DateTimeStamp1>#PCDATA</DateTimeStamp1>
			<DateTimeStamp2>#PCDATA</DateTimeStamp2>
			<DateTimeStamp3>#PCDATA</DateTimeStamp3>
			<DateTimeStamp4>#PCDATA</DateTimeStamp4>
			<DateTimeStamp5>#PCDATA</DateTimeStamp5>
			<Userdef1>#PCDATA</Userdef1>
			<Userdef2>#PCDATA</Userdef2>
			<Userdef3>#PCDATA</Userdef3>
			<Userdef4>#PCDATA</Userdef4>
			<Userdef5>#PCDATA</Userdef5>
			<ProcReturnCode>#PCDATA</ProcReturnCode>
		</eConnectProcessInfo>
		<taGLTransactionLineInsert_Items>
			<taGLTransactionLineInsert>
				<BACHNUMB>#PCDATA</BACHNUMB>
				<JRNENTRY>#PCDATA</JRNENTRY>
				<SQNCLINE>#PCDATA</SQNCLINE>
				<ACTINDX>#PCDATA</ACTINDX>
				<CRDTAMNT>#PCDATA</CRDTAMNT>
				<DEBITAMT>#PCDATA</DEBITAMT>
				<ACTNUMST>#PCDATA</ACTNUMST>
				<DSCRIPTN>#PCDATA</DSCRIPTN>
				<ORCTRNUM>#PCDATA</ORCTRNUM>
				<ORDOCNUM>#PCDATA</ORDOCNUM>
				<ORMSTRID>#PCDATA</ORMSTRID>
				<ORMSTRNM>#PCDATA</ORMSTRNM>
				<ORTRXTYP>#PCDATA</ORTRXTYP>
				<OrigSeqNum>#PCDATA</OrigSeqNum>
				<ORTRXDESC>#PCDATA</ORTRXDESC>
				<TAXDTLID>#PCDATA</TAXDTLID>
				<TAXAMNT>#PCDATA</TAXAMNT>
				<DOCDATE>#PCDATA</DOCDATE>
				<CURNCYID>#PCDATA</CURNCYID>
				<XCHGRATE>#PCDATA</XCHGRATE>
				<RATETPID>#PCDATA</RATETPID>
				<EXPNDATE>#PCDATA</EXPNDATE>
				<EXCHDATE>#PCDATA</EXCHDATE>
				<EXGTBDSC>#PCDATA</EXGTBDSC>
				<EXTBLSRC>#PCDATA</EXTBLSRC>
				<RATEEXPR>#PCDATA</RATEEXPR>
				<DYSTINCR>#PCDATA</DYSTINCR>
				<RATEVARC>#PCDATA</RATEVARC>
				<TRXDTDEF>#PCDATA</TRXDTDEF>
				<RTCLCMTD>#PCDATA</RTCLCMTD>
				<PRVDSLMT>#PCDATA</PRVDSLMT>
				<DATELMTS>#PCDATA</DATELMTS>
				<TIME1>#PCDATA</TIME1>
				<RequesterTrx>#PCDATA</RequesterTrx>
				<USRDEFND1>#PCDATA</USRDEFND1>
				<USRDEFND2>#PCDATA</USRDEFND2>
				<USRDEFND3>#PCDATA</USRDEFND3>
				<USRDEFND4>#PCDATA</USRDEFND4>
				<USRDEFND5>#PCDATA</USRDEFND5>
			</taGLTransactionLineInsert>
		</taGLTransactionLineInsert_Items>
		<taGLTransactionHeaderInsert>
			<BACHNUMB>#PCDATA</BACHNUMB>
			<JRNENTRY>#PCDATA</JRNENTRY>
			<REFRENCE>#PCDATA</REFRENCE>
			<TRXDATE>#PCDATA</TRXDATE>
			<RVRSNGDT>#PCDATA</RVRSNGDT>
			<TRXTYPE>#PCDATA</TRXTYPE>
			<SQNCLINE>#PCDATA</SQNCLINE>
			<SERIES>#PCDATA</SERIES>
			<CURNCYID>#PCDATA</CURNCYID>
			<XCHGRATE>#PCDATA</XCHGRATE>
			<RATETPID>#PCDATA</RATETPID>
			<EXPNDATE>#PCDATA</EXPNDATE>
			<EXCHDATE>#PCDATA</EXCHDATE>
			<EXGTBDSC>#PCDATA</EXGTBDSC>
			<EXTBLSRC>#PCDATA</EXTBLSRC>
			<RATEEXPR>#PCDATA</RATEEXPR>
			<DYSTINCR>#PCDATA</DYSTINCR>
			<RATEVARC>#PCDATA</RATEVARC>
			<TRXDTDEF>#PCDATA</TRXDTDEF>
			<RTCLCMTD>#PCDATA</RTCLCMTD>
			<PRVDSLMT>#PCDATA</PRVDSLMT>
			<DATELMTS>#PCDATA</DATELMTS>
			<TIME1>#PCDATA</TIME1>
			<RequesterTrx>#PCDATA</RequesterTrx>
			<SOURCDOC>#PCDATA</SOURCDOC>
			<USERID>#PCDATA</USERID>
			<NOTETEXT>#PCDATA</NOTETEXT>
			<USRDEFND1>#PCDATA</USRDEFND1>
			<USRDEFND2>#PCDATA</USRDEFND2>
			<USRDEFND3>#PCDATA</USRDEFND3>
			<USRDEFND4>#PCDATA</USRDEFND4>
			<USRDEFND5>#PCDATA</USRDEFND5>
		</taGLTransactionHeaderInsert>
		<taMdaUpdate_Items>
			<taMdaUpdate>
				<DTASERIES>#PCDATA</DTASERIES>
				<ACTINDX>#PCDATA</ACTINDX>
				<SEQNUMBR>#PCDATA</SEQNUMBR>
				<DTAREF>#PCDATA</DTAREF>
				<DTAQNTY>#PCDATA</DTAQNTY>
				<GROUPID>#PCDATA</GROUPID>
				<CODEID>#PCDATA</CODEID>
				<POSTDESC>#PCDATA</POSTDESC>
			</taMdaUpdate>
		</taMdaUpdate_Items>
	</GLTransactionType>
</eConnect>
