<?xml version="1.0"?>
<eConnect xsi:schemaLocation="http://your_namespace file://C:\RxE\NSBS\configuration\messageTemplates\Dynamics\Documentation\SD02%20SOPTransaction.xsd" xmlns="http://your_namespace" xmlns:xsi="http://www.w3.org/2001/XMLSchema-instance">
	<SOPTransactionType>
		<eConnectProcessInfo>
			<ConnectionString>#PCDATA</ConnectionString>
			<ProductName>#PCDATA</ProductName>
			<Sender>#PCDATA</Sender>
			<Outgoing>#PCDATA</Outgoing>
			<eConnectProcsRunFirst>#PCDATA</eConnectProcsRunFirst>
			<MessageID>#PCDATA</MessageID>
			<SiteID>#PCDATA</SiteID>
			<DocumentName>#PCDATA</DocumentName>
			<Version>#PCDATA</Version>
			<DateTimeStamp1>#PCDATA</DateTimeStamp1>
			<DateTimeStamp2>#PCDATA</DateTimeStamp2>
			<DateTimeStamp3>#PCDATA</DateTimeStamp3>
			<DateTimeStamp4>#PCDATA</DateTimeStamp4>
			<DateTimeStamp5>#PCDATA</DateTimeStamp5>
			<Userdef1>#PCDATA</Userdef1>
			<Userdef2>#PCDATA</Userdef2>
			<Userdef3>#PCDATA</Userdef3>
			<Userdef4>#PCDATA</Userdef4>
			<Userdef5>#PCDATA</Userdef5>
			<ProcReturnCode>#PCDATA</ProcReturnCode>
		</eConnectProcessInfo>
		<taSopLineIvcInsert_Items>
			<taSopLineIvcInsert>
				<SOPTYPE>#PCDATA</SOPTYPE>
				<SOPNUMBE>#PCDATA</SOPNUMBE>
				<CUSTNMBR>#PCDATA</CUSTNMBR>
				<DOCDATE>#PCDATA</DOCDATE>
				<LOCNCODE>#PCDATA</LOCNCODE>
				<ITEMNMBR>#PCDATA</ITEMNMBR>
				<AutoAssignBin>#PCDATA</AutoAssignBin>
				<UNITPRCE>#PCDATA</UNITPRCE>
				<XTNDPRCE>#PCDATA</XTNDPRCE>
				<QUANTITY>#PCDATA</QUANTITY>
				<MRKDNAMT>#PCDATA</MRKDNAMT>
				<MRKDNPCT>#PCDATA</MRKDNPCT>
				<COMMNTID>#PCDATA</COMMNTID>
				<COMMENT_1>#PCDATA</COMMENT_1>
				<COMMENT_2>#PCDATA</COMMENT_2>
				<COMMENT_3>#PCDATA</COMMENT_3>
				<COMMENT_4>#PCDATA</COMMENT_4>
				<UNITCOST>#PCDATA</UNITCOST>
				<PRCLEVEL>#PCDATA</PRCLEVEL>
				<ITEMDESC>#PCDATA</ITEMDESC>
				<TAXAMNT>#PCDATA</TAXAMNT>
				<QTYONHND>#PCDATA</QTYONHND>
				<QTYRTRND>#PCDATA</QTYRTRND>
				<QTYINUSE>#PCDATA</QTYINUSE>
				<QTYINSVC>#PCDATA</QTYINSVC>
				<QTYDMGED>#PCDATA</QTYDMGED>
				<NONINVEN>#PCDATA</NONINVEN>
				<LNITMSEQ>#PCDATA</LNITMSEQ>
				<DROPSHIP>#PCDATA</DROPSHIP>
				<QTYTBAOR>#PCDATA</QTYTBAOR>
				<DOCID>#PCDATA</DOCID>
				<SALSTERR>#PCDATA</SALSTERR>
				<SLPRSNID>#PCDATA</SLPRSNID>
				<ITMTSHID>#PCDATA</ITMTSHID>
				<IVITMTXB>#PCDATA</IVITMTXB>
				<TAXSCHID>#PCDATA</TAXSCHID>
				<PRSTADCD>#PCDATA</PRSTADCD>
				<ShipToName>#PCDATA</ShipToName>
				<CNTCPRSN>#PCDATA</CNTCPRSN>
				<ADDRESS1>#PCDATA</ADDRESS1>
				<ADDRESS2>#PCDATA</ADDRESS2>
				<ADDRESS3>#PCDATA</ADDRESS3>
				<CITY>#PCDATA</CITY>
				<STATE>#PCDATA</STATE>
				<ZIPCODE>#PCDATA</ZIPCODE>
				<COUNTRY>#PCDATA</COUNTRY>
				<PHONE1>#PCDATA</PHONE1>
				<PHONE2>#PCDATA</PHONE2>
				<PHONE3>#PCDATA</PHONE3>
				<FAXNUMBR>#PCDATA</FAXNUMBR>
				<EXCEPTIONALDEMAND>#PCDATA</EXCEPTIONALDEMAND>
				<ReqShipDate>#PCDATA</ReqShipDate>
				<FUFILDAT>#PCDATA</FUFILDAT>
				<ACTLSHIP>#PCDATA</ACTLSHIP>
				<SHIPMTHD>#PCDATA</SHIPMTHD>
				<INVINDX>#PCDATA</INVINDX>
				<CSLSINDX>#PCDATA</CSLSINDX>
				<SLSINDX>#PCDATA</SLSINDX>
				<MKDNINDX>#PCDATA</MKDNINDX>
				<RTNSINDX>#PCDATA</RTNSINDX>
				<INUSINDX>#PCDATA</INUSINDX>
				<INSRINDX>#PCDATA</INSRINDX>
				<DMGDINDX>#PCDATA</DMGDINDX>
				<AUTOALLOCATESERIAL>#PCDATA</AUTOALLOCATESERIAL>
				<AUTOALLOCATELOT>#PCDATA</AUTOALLOCATELOT>
				<GPSFOINTEGRATIONID>#PCDATA</GPSFOINTEGRATIONID>
				<INTEGRATIONSOURCE>#PCDATA</INTEGRATIONSOURCE>
				<INTEGRATIONID>#PCDATA</INTEGRATIONID>
				<RequesterTrx>#PCDATA</RequesterTrx>
				<QTYCANCE>#PCDATA</QTYCANCE>
				<QTYFULFI>#PCDATA</QTYFULFI>
				<ALLOCATE>#PCDATA</ALLOCATE>
				<UpdateIfExists>#PCDATA</UpdateIfExists>
				<RecreateDist>#PCDATA</RecreateDist>
				<QUOTEQTYTOINV>#PCDATA</QUOTEQTYTOINV>
				<TOTALQTY>#PCDATA</TOTALQTY>
				<CMMTTEXT>#PCDATA</CMMTTEXT>
				<KitCompMan>#PCDATA</KitCompMan>
				<DEFPRICING>#PCDATA</DEFPRICING>
				<DEFEXTPRICE>#PCDATA</DEFEXTPRICE>
				<CURNCYID>#PCDATA</CURNCYID>
				<UOFM>#PCDATA</UOFM>
				<IncludePromo>#PCDATA</IncludePromo>
				<CKCreditLimit>#PCDATA</CKCreditLimit>
				<QtyShrtOpt>#PCDATA</QtyShrtOpt>
				<USRDEFND1>#PCDATA</USRDEFND1>
				<USRDEFND2>#PCDATA</USRDEFND2>
				<USRDEFND3>#PCDATA</USRDEFND3>
				<USRDEFND4>#PCDATA</USRDEFND4>
				<USRDEFND5>#PCDATA</USRDEFND5>
			</taSopLineIvcInsert>
		</taSopLineIvcInsert_Items>
		<taSopUserDefined>
			<SOPTYPE>#PCDATA</SOPTYPE>
			<SOPNUMBE>#PCDATA</SOPNUMBE>
			<USRDAT01>#PCDATA</USRDAT01>
			<USRDAT02>#PCDATA</USRDAT02>
			<USRTAB01>#PCDATA</USRTAB01>
			<USRTAB09>#PCDATA</USRTAB09>
			<USRTAB03>#PCDATA</USRTAB03>
			<USERDEF1>#PCDATA</USERDEF1>
			<USERDEF2>#PCDATA</USERDEF2>
			<USRDEF03>#PCDATA</USRDEF03>
			<USRDEF04>#PCDATA</USRDEF04>
			<USRDEF05>#PCDATA</USRDEF05>
			<RequesterTrx>#PCDATA</RequesterTrx>
			<USRDEFND1>#PCDATA</USRDEFND1>
			<USRDEFND2>#PCDATA</USRDEFND2>
			<USRDEFND3>#PCDATA</USRDEFND3>
			<USRDEFND4>#PCDATA</USRDEFND4>
			<USRDEFND5>#PCDATA</USRDEFND5>
		</taSopUserDefined>
		<taSopHdrIvcInsert>
			<SOPTYPE>#PCDATA</SOPTYPE>
			<DOCID>#PCDATA</DOCID>
			<SOPNUMBE>#PCDATA</SOPNUMBE>
			<ORIGNUMB>#PCDATA</ORIGNUMB>
			<ORIGTYPE>#PCDATA</ORIGTYPE>
			<TAXSCHID>#PCDATA</TAXSCHID>
			<FRTSCHID>#PCDATA</FRTSCHID>
			<MSCSCHID>#PCDATA</MSCSCHID>
			<SHIPMTHD>#PCDATA</SHIPMTHD>
			<TAXAMNT>#PCDATA</TAXAMNT>
			<LOCNCODE>#PCDATA</LOCNCODE>
			<DOCDATE>#PCDATA</DOCDATE>
			<FREIGHT>#PCDATA</FREIGHT>
			<MISCAMNT>#PCDATA</MISCAMNT>
			<TRDISAMT>#PCDATA</TRDISAMT>
			<TRADEPCT>#PCDATA</TRADEPCT>
			<DISTKNAM>#PCDATA</DISTKNAM>
			<MRKDNAMT>#PCDATA</MRKDNAMT>
			<CUSTNMBR>#PCDATA</CUSTNMBR>
			<CUSTNAME>#PCDATA</CUSTNAME>
			<CSTPONBR>#PCDATA</CSTPONBR>
			<ShipToName>#PCDATA</ShipToName>
			<ADDRESS1>#PCDATA</ADDRESS1>
			<ADDRESS2>#PCDATA</ADDRESS2>
			<ADDRESS3>#PCDATA</ADDRESS3>
			<CNTCPRSN>#PCDATA</CNTCPRSN>
			<FAXNUMBR>#PCDATA</FAXNUMBR>
			<CITY>#PCDATA</CITY>
			<STATE>#PCDATA</STATE>
			<ZIPCODE>#PCDATA</ZIPCODE>
			<COUNTRY>#PCDATA</COUNTRY>
			<PHNUMBR1>#PCDATA</PHNUMBR1>
			<PHNUMBR2>#PCDATA</PHNUMBR2>
			<PHNUMBR3>#PCDATA</PHNUMBR3>
			<SUBTOTAL>#PCDATA</SUBTOTAL>
			<DOCAMNT>#PCDATA</DOCAMNT>
			<PYMTRCVD>#PCDATA</PYMTRCVD>
			<SALSTERR>#PCDATA</SALSTERR>
			<SLPRSNID>#PCDATA</SLPRSNID>
			<UPSZONE>#PCDATA</UPSZONE>
			<USER2ENT>#PCDATA</USER2ENT>
			<BACHNUMB>#PCDATA</BACHNUMB>
			<PRBTADCD>#PCDATA</PRBTADCD>
			<PRSTADCD>#PCDATA</PRSTADCD>
			<FRTTXAMT>#PCDATA</FRTTXAMT>
			<MSCTXAMT>#PCDATA</MSCTXAMT>
			<ORDRDATE>#PCDATA</ORDRDATE>
			<MSTRNUMB>#PCDATA</MSTRNUMB>
			<PYMTRMID>#PCDATA</PYMTRMID>
			<DUEDATE>#PCDATA</DUEDATE>
			<DISCDATE>#PCDATA</DISCDATE>
			<REFRENCE>#PCDATA</REFRENCE>
			<USINGHEADERLEVELTAXES>#PCDATA</USINGHEADERLEVELTAXES>
			<BatchCHEKBKID>#PCDATA</BatchCHEKBKID>
			<CREATECOMM>#PCDATA</CREATECOMM>
			<COMMAMNT>#PCDATA</COMMAMNT>
			<COMPRCNT>#PCDATA</COMPRCNT>
			<CREATEDIST>#PCDATA</CREATEDIST>
			<CREATETAXES>#PCDATA</CREATETAXES>
			<DEFTAXSCHDS>#PCDATA</DEFTAXSCHDS>
			<CURNCYID>#PCDATA</CURNCYID>
			<XCHGRATE>#PCDATA</XCHGRATE>
			<RATETPID>#PCDATA</RATETPID>
			<EXPNDATE>#PCDATA</EXPNDATE>
			<EXCHDATE>#PCDATA</EXCHDATE>
			<EXGTBDSC>#PCDATA</EXGTBDSC>
			<EXTBLSRC>#PCDATA</EXTBLSRC>
			<RATEEXPR>#PCDATA</RATEEXPR>
			<DYSTINCR>#PCDATA</DYSTINCR>
			<RATEVARC>#PCDATA</RATEVARC>
			<TRXDTDEF>#PCDATA</TRXDTDEF>
			<RTCLCMTD>#PCDATA</RTCLCMTD>
			<PRVDSLMT>#PCDATA</PRVDSLMT>
			<DATELMTS>#PCDATA</DATELMTS>
			<TIME1>#PCDATA</TIME1>
			<DISAVAMT>#PCDATA</DISAVAMT>
			<DSCDLRAM>#PCDATA</DSCDLRAM>
			<DSCPCTAM>#PCDATA</DSCPCTAM>
			<FREIGTBLE>#PCDATA</FREIGTBLE>
			<MISCTBLE>#PCDATA</MISCTBLE>
			<COMMNTID>#PCDATA</COMMNTID>
			<COMMENT_1>#PCDATA</COMMENT_1>
			<COMMENT_2>#PCDATA</COMMENT_2>
			<COMMENT_3>#PCDATA</COMMENT_3>
			<COMMENT_4>#PCDATA</COMMENT_4>
			<GPSFOINTEGRATIONID>#PCDATA</GPSFOINTEGRATIONID>
			<INTEGRATIONSOURCE>#PCDATA</INTEGRATIONSOURCE>
			<INTEGRATIONID>#PCDATA</INTEGRATIONID>
			<ReqShipDate>#PCDATA</ReqShipDate>
			<RequesterTrx>#PCDATA</RequesterTrx>
			<CKCreditLimit>#PCDATA</CKCreditLimit>
			<CKHOLD>#PCDATA</CKHOLD>
			<UpdateExisting>#PCDATA</UpdateExisting>
			<QUOEXPDA>#PCDATA</QUOEXPDA>
			<QUOTEDAT>#PCDATA</QUOTEDAT>
			<INVODATE>#PCDATA</INVODATE>
			<BACKDATE>#PCDATA</BACKDATE>
			<RETUDATE>#PCDATA</RETUDATE>
			<CMMTTEXT>#PCDATA</CMMTTEXT>
			<PRCLEVEL>#PCDATA</PRCLEVEL>
			<DEFPRICING>#PCDATA</DEFPRICING>
			<TAXEXMT1>#PCDATA</TAXEXMT1>
			<TAXEXMT2>#PCDATA</TAXEXMT2>
			<TXRGNNUM>#PCDATA</TXRGNNUM>
			<REPTING>#PCDATA</REPTING>
			<TRXFREQU>#PCDATA</TRXFREQU>
			<TIMETREP>#PCDATA</TIMETREP>
			<QUOTEDYSTINCR>#PCDATA</QUOTEDYSTINCR>
			<NOTETEXT>#PCDATA</NOTETEXT>
			<USRDEFND1>#PCDATA</USRDEFND1>
			<USRDEFND2>#PCDATA</USRDEFND2>
			<USRDEFND3>#PCDATA</USRDEFND3>
			<USRDEFND4>#PCDATA</USRDEFND4>
			<USRDEFND5>#PCDATA</USRDEFND5>
		</taSopHdrIvcInsert>
	</SOPTransactionType>
</eConnect>
