<?xml version="1.0"?>
<eConnect xsi:schemaLocation="http://your_namespace file://C:\RxE\NSBS\configuration\messageTemplates\Dynamics\Documentation\SM01%20RMCustomerMaster.xsd" xmlns="http://your_namespace" xmlns:xsi="http://www.w3.org/2001/XMLSchema-instance">
	<RMCustomerMasterType>
		<eConnectProcessInfo>
			<ConnectionString>#PCDATA</ConnectionString>
			<ProductName>#PCDATA</ProductName>
			<Sender>#PCDATA</Sender>
			<Outgoing>#PCDATA</Outgoing>
			<eConnectProcsRunFirst>#PCDATA</eConnectProcsRunFirst>
			<MessageID>#PCDATA</MessageID>
			<SiteID>#PCDATA</SiteID>
			<DocumentName>#PCDATA</DocumentName>
			<Version>#PCDATA</Version>
			<DateTimeStamp1>#PCDATA</DateTimeStamp1>
			<DateTimeStamp2>#PCDATA</DateTimeStamp2>
			<DateTimeStamp3>#PCDATA</DateTimeStamp3>
			<DateTimeStamp4>#PCDATA</DateTimeStamp4>
			<DateTimeStamp5>#PCDATA</DateTimeStamp5>
			<Userdef1>#PCDATA</Userdef1>
			<Userdef2>#PCDATA</Userdef2>
			<Userdef3>#PCDATA</Userdef3>
			<Userdef4>#PCDATA</Userdef4>
			<Userdef5>#PCDATA</Userdef5>
			<ProcReturnCode>#PCDATA</ProcReturnCode>
		</eConnectProcessInfo>
		<taUpdateCreateCustomerRcd>
			<CUSTNMBR>#PCDATA</CUSTNMBR>
			<HOLD>#PCDATA</HOLD>
			<INACTIVE>#PCDATA</INACTIVE>
			<CUSTNAME>#PCDATA</CUSTNAME>
			<SHRTNAME>#PCDATA</SHRTNAME>
			<STMTNAME>#PCDATA</STMTNAME>
			<CUSTCLAS>#PCDATA</CUSTCLAS>
			<CUSTPRIORITY>#PCDATA</CUSTPRIORITY>
			<ADRSCODE>#PCDATA</ADRSCODE>
			<CNTCPRSN>#PCDATA</CNTCPRSN>
			<ADDRESS1>#PCDATA</ADDRESS1>
			<ADDRESS2>#PCDATA</ADDRESS2>
			<ADDRESS3>#PCDATA</ADDRESS3>
			<CITY>#PCDATA</CITY>
			<STATE>#PCDATA</STATE>
			<ZIPCODE>#PCDATA</ZIPCODE>
			<CCode>#PCDATA</CCode>
			<COUNTRY>#PCDATA</COUNTRY>
			<PHNUMBR1>#PCDATA</PHNUMBR1>
			<PHNUMBR2>#PCDATA</PHNUMBR2>
			<PHNUMBR3>#PCDATA</PHNUMBR3>
			<FAX>#PCDATA</FAX>
			<UPSZONE>#PCDATA</UPSZONE>
			<SHIPMTHD>#PCDATA</SHIPMTHD>
			<TAXSCHID>#PCDATA</TAXSCHID>
			<SHIPCOMPLETE>#PCDATA</SHIPCOMPLETE>
			<PRSTADCD>#PCDATA</PRSTADCD>
			<PRBTADCD>#PCDATA</PRBTADCD>
			<STADDRCD>#PCDATA</STADDRCD>
			<SLPRSNID>#PCDATA</SLPRSNID>
			<SALSTERR>#PCDATA</SALSTERR>
			<USERDEF1>#PCDATA</USERDEF1>
			<USERDEF2>#PCDATA</USERDEF2>
			<COMMENT1>#PCDATA</COMMENT1>
			<COMMENT2>#PCDATA</COMMENT2>
			<CUSTDISC>#PCDATA</CUSTDISC>
			<PYMTRMID>#PCDATA</PYMTRMID>
			<DISGRPER>#PCDATA</DISGRPER>
			<DUEGRPER>#PCDATA</DUEGRPER>
			<PRCLEVEL>#PCDATA</PRCLEVEL>
			<NOTETEXT>#PCDATA</NOTETEXT>
			<BALNCTYP>#PCDATA</BALNCTYP>
			<FNCHATYP>#PCDATA</FNCHATYP>
			<FNCHPCNT>#PCDATA</FNCHPCNT>
			<FINCHDLR>#PCDATA</FINCHDLR>
			<MINPYTYP>#PCDATA</MINPYTYP>
			<MINPYPCT>#PCDATA</MINPYPCT>
			<MINPYDLR>#PCDATA</MINPYDLR>
			<CRLMTTYP>#PCDATA</CRLMTTYP>
			<CRLMTAMT>#PCDATA</CRLMTAMT>
			<CRLMTPER>#PCDATA</CRLMTPER>
			<CRLMTPAM>#PCDATA</CRLMTPAM>
			<MXWOFTYP>#PCDATA</MXWOFTYP>
			<MXWROFAM>#PCDATA</MXWROFAM>
			<Revalue_Customer>#PCDATA</Revalue_Customer>
			<Post_Results_To>#PCDATA</Post_Results_To>
			<ORDERFULFILLDEFAULT>#PCDATA</ORDERFULFILLDEFAULT>
			<INCLUDEINDP>#PCDATA</INCLUDEINDP>
			<CRCARDID>#PCDATA</CRCARDID>
			<CRCRDNUM>#PCDATA</CRCRDNUM>
			<CCRDXPDT>#PCDATA</CCRDXPDT>
			<BANKNAME>#PCDATA</BANKNAME>
			<BNKBRNCH>#PCDATA</BNKBRNCH>
			<USERLANG>#PCDATA</USERLANG>
			<TAXEXMT1>#PCDATA</TAXEXMT1>
			<TAXEXMT2>#PCDATA</TAXEXMT2>
			<TXRGNNUM>#PCDATA</TXRGNNUM>
			<CURNCYID>#PCDATA</CURNCYID>
			<RATETPID>#PCDATA</RATETPID>
			<STMTCYCL>#PCDATA</STMTCYCL>
			<KPCALHST>#PCDATA</KPCALHST>
			<KPERHIST>#PCDATA</KPERHIST>
			<KPTRXHST>#PCDATA</KPTRXHST>
			<KPDSTHST>#PCDATA</KPDSTHST>
			<Send_Email_Statements>#PCDATA</Send_Email_Statements>
			<ToEmail_Recipient>#PCDATA</ToEmail_Recipient>
			<CcEmail_Recipient>#PCDATA</CcEmail_Recipient>
			<BccEmail_Recipient>#PCDATA</BccEmail_Recipient>
			<CHEKBKID>#PCDATA</CHEKBKID>
			<DEFCACTY>#PCDATA</DEFCACTY>
			<RMCSHACTNUMST>#PCDATA</RMCSHACTNUMST>
			<RMARACTNUMST>#PCDATA</RMARACTNUMST>
			<RMSLSACTNUMST>#PCDATA</RMSLSACTNUMST>
			<RMCOSACTNUMST>#PCDATA</RMCOSACTNUMST>
			<RMIVACTNUMST>#PCDATA</RMIVACTNUMST>
			<RMTAKACTNUMST>#PCDATA</RMTAKACTNUMST>
			<RMAVACTNUMST>#PCDATA</RMAVACTNUMST>
			<RMFCGACTNUMST>#PCDATA</RMFCGACTNUMST>
			<RMWRACTNUMST>#PCDATA</RMWRACTNUMST>
			<RMSORACTNUMST>#PCDATA</RMSORACTNUMST>
			<RMOvrpymtWrtoffACTNUMST>#PCDATA</RMOvrpymtWrtoffACTNUMST>
			<GPSFOINTEGRATIONID>#PCDATA</GPSFOINTEGRATIONID>
			<INTEGRATIONSOURCE>#PCDATA</INTEGRATIONSOURCE>
			<INTEGRATIONID>#PCDATA</INTEGRATIONID>
			<UseCustomerClass>#PCDATA</UseCustomerClass>
			<CreateAddress>#PCDATA</CreateAddress>
			<UpdateIfExists>#PCDATA</UpdateIfExists>
			<RequesterTrx>#PCDATA</RequesterTrx>
			<USRDEFND1>#PCDATA</USRDEFND1>
			<USRDEFND2>#PCDATA</USRDEFND2>
			<USRDEFND3>#PCDATA</USRDEFND3>
			<USRDEFND4>#PCDATA</USRDEFND4>
			<USRDEFND5>#PCDATA</USRDEFND5>
		</taUpdateCreateCustomerRcd>
		<taCreateCustomerAddress_Items>
			<taCreateCustomerAddress>
				<CUSTNMBR>#PCDATA</CUSTNMBR>
				<ADRSCODE>#PCDATA</ADRSCODE>
				<SLPRSNID>#PCDATA</SLPRSNID>
				<UPSZONE>#PCDATA</UPSZONE>
				<SHIPMTHD>#PCDATA</SHIPMTHD>
				<TAXSCHID>#PCDATA</TAXSCHID>
				<CNTCPRSN>#PCDATA</CNTCPRSN>
				<ADDRESS1>#PCDATA</ADDRESS1>
				<ADDRESS2>#PCDATA</ADDRESS2>
				<ADDRESS3>#PCDATA</ADDRESS3>
				<COUNTRY>#PCDATA</COUNTRY>
				<CITY>#PCDATA</CITY>
				<STATE>#PCDATA</STATE>
				<ZIPCODE>#PCDATA</ZIPCODE>
				<PHNUMBR1>#PCDATA</PHNUMBR1>
				<PHNUMBR2>#PCDATA</PHNUMBR2>
				<PHNUMBR3>#PCDATA</PHNUMBR3>
				<FAX>#PCDATA</FAX>
				<GPSFOINTEGRATIONID>#PCDATA</GPSFOINTEGRATIONID>
				<INTEGRATIONSOURCE>#PCDATA</INTEGRATIONSOURCE>
				<INTEGRATIONID>#PCDATA</INTEGRATIONID>
				<CCode>#PCDATA</CCode>
				<LOCNCODE>#PCDATA</LOCNCODE>
				<SALSTERR>#PCDATA</SALSTERR>
				<USERDEF1>#PCDATA</USERDEF1>
				<USERDEF2>#PCDATA</USERDEF2>
				<RequesterTrx>#PCDATA</RequesterTrx>
				<USRDEFND1>#PCDATA</USRDEFND1>
				<USRDEFND2>#PCDATA</USRDEFND2>
				<USRDEFND3>#PCDATA</USRDEFND3>
				<USRDEFND4>#PCDATA</USRDEFND4>
				<USRDEFND5>#PCDATA</USRDEFND5>
			</taCreateCustomerAddress>
		</taCreateCustomerAddress_Items>
		<taCreateParentID>
			<CPRCSTNM>#PCDATA</CPRCSTNM>
			<NAALLOWRECEIPTS>#PCDATA</NAALLOWRECEIPTS>
			<NACREDITCHECK>#PCDATA</NACREDITCHECK>
			<NAFINANCECHARGE>#PCDATA</NAFINANCECHARGE>
			<NAHOLDINACTIVE>#PCDATA</NAHOLDINACTIVE>
			<NADEFPARENTVEN>#PCDATA</NADEFPARENTVEN>
			<UpdateIfExists>#PCDATA</UpdateIfExists>
			<RequesterTrx>#PCDATA</RequesterTrx>
			<USRDEFND1>#PCDATA</USRDEFND1>
			<USRDEFND2>#PCDATA</USRDEFND2>
			<USRDEFND3>#PCDATA</USRDEFND3>
			<USRDEFND4>#PCDATA</USRDEFND4>
			<USRDEFND5>#PCDATA</USRDEFND5>
		</taCreateParentID>
		<taParentIDChild_Items>
			<taParentIDChild>
				<CPRCSTNM>#PCDATA</CPRCSTNM>
				<CUSTNMBR>#PCDATA</CUSTNMBR>
				<CreateRemove>#PCDATA</CreateRemove>
				<RequesterTrx>#PCDATA</RequesterTrx>
				<USRDEFND1>#PCDATA</USRDEFND1>
				<USRDEFND2>#PCDATA</USRDEFND2>
				<USRDEFND3>#PCDATA</USRDEFND3>
				<USRDEFND4>#PCDATA</USRDEFND4>
				<USRDEFND5>#PCDATA</USRDEFND5>
			</taParentIDChild>
		</taParentIDChild_Items>
	</RMCustomerMasterType>
</eConnect>
