<?xml version="1.0"?>
<eConnect xsi:schemaLocation="http://your_namespace file://C:\RxE\(junk)\Documentation\Documentation\PMTransaction.xsd" xmlns="http://your_namespace" xmlns:xsi="http://www.w3.org/2001/XMLSchema-instance">
	<PMTransactionType>
		<eConnectProcessInfo>
			<ConnectionString>#PCDATA</ConnectionString>
			<ProductName>#PCDATA</ProductName>
			<Sender>#PCDATA</Sender>
			<Outgoing>#PCDATA</Outgoing>
			<eConnectProcsRunFirst>#PCDATA</eConnectProcsRunFirst>
			<MessageID>#PCDATA</MessageID>
			<SiteID>#PCDATA</SiteID>
			<DocumentName>#PCDATA</DocumentName>
			<Version>#PCDATA</Version>
			<DateTimeStamp1>#PCDATA</DateTimeStamp1>
			<DateTimeStamp2>#PCDATA</DateTimeStamp2>
			<DateTimeStamp3>#PCDATA</DateTimeStamp3>
			<DateTimeStamp4>#PCDATA</DateTimeStamp4>
			<DateTimeStamp5>#PCDATA</DateTimeStamp5>
			<Userdef1>#PCDATA</Userdef1>
			<Userdef2>#PCDATA</Userdef2>
			<Userdef3>#PCDATA</Userdef3>
			<Userdef4>#PCDATA</Userdef4>
			<Userdef5>#PCDATA</Userdef5>
			<ProcReturnCode>#PCDATA</ProcReturnCode>
		</eConnectProcessInfo>
		<taUpdateCreateVendorRcd>
			<VENDORID>#PCDATA</VENDORID>
			<VENDNAME>#PCDATA</VENDNAME>
			<VENDSHNM>#PCDATA</VENDSHNM>
			<VNDCHKNM>#PCDATA</VNDCHKNM>
			<HOLD>#PCDATA</HOLD>
			<VENDSTTS>#PCDATA</VENDSTTS>
			<VNDCLSID>#PCDATA</VNDCLSID>
			<VADDCDPR>#PCDATA</VADDCDPR>
			<VNDCNTCT>#PCDATA</VNDCNTCT>
			<ADDRESS1>#PCDATA</ADDRESS1>
			<ADDRESS2>#PCDATA</ADDRESS2>
			<ADDRESS3>#PCDATA</ADDRESS3>
			<CITY>#PCDATA</CITY>
			<STATE>#PCDATA</STATE>
			<ZIPCODE>#PCDATA</ZIPCODE>
			<CCode>#PCDATA</CCode>
			<COUNTRY>#PCDATA</COUNTRY>
			<PHNUMBR1>#PCDATA</PHNUMBR1>
			<PHNUMBR2>#PCDATA</PHNUMBR2>
			<PHNUMBR3>#PCDATA</PHNUMBR3>
			<FAXNUMBR>#PCDATA</FAXNUMBR>
			<TAXSCHID>#PCDATA</TAXSCHID>
			<SHIPMTHD>#PCDATA</SHIPMTHD>
			<UPSZONE>#PCDATA</UPSZONE>
			<VADCDPAD>#PCDATA</VADCDPAD>
			<VADCDTRO>#PCDATA</VADCDTRO>
			<VADCDSFR>#PCDATA</VADCDSFR>
			<ACNMVNDR>#PCDATA</ACNMVNDR>
			<COMMENT1>#PCDATA</COMMENT1>
			<COMMENT2>#PCDATA</COMMENT2>
			<NOTETEXT>#PCDATA</NOTETEXT>
			<CURNCYID>#PCDATA</CURNCYID>
			<RATETPID>#PCDATA</RATETPID>
			<PYMTRMID>#PCDATA</PYMTRMID>
			<DISGRPER>#PCDATA</DISGRPER>
			<DUEGRPER>#PCDATA</DUEGRPER>
			<PYMNTPRI>#PCDATA</PYMNTPRI>
			<MINORDER>#PCDATA</MINORDER>
			<TRDDISCT>#PCDATA</TRDDISCT>
			<TXIDNMBR>#PCDATA</TXIDNMBR>
			<TXRGNNUM>#PCDATA</TXRGNNUM>
			<CHEKBKID>#PCDATA</CHEKBKID>
			<USERDEF1>#PCDATA</USERDEF1>
			<USERDEF2>#PCDATA</USERDEF2>
			<TEN99TYPE>#PCDATA</TEN99TYPE>
			<FREEONBOARD>#PCDATA</FREEONBOARD>
			<USERLANG>#PCDATA</USERLANG>
			<MINPYTYP>#PCDATA</MINPYTYP>
			<MINPYDLR>#PCDATA</MINPYDLR>
			<MINPYPCT>#PCDATA</MINPYPCT>
			<MXIAFVND>#PCDATA</MXIAFVND>
			<MAXINDLR>#PCDATA</MAXINDLR>
			<CREDTLMT>#PCDATA</CREDTLMT>
			<CRLMTDLR>#PCDATA</CRLMTDLR>
			<WRITEOFF>#PCDATA</WRITEOFF>
			<MXWOFAMT>#PCDATA</MXWOFAMT>
			<Revalue_Vendor>#PCDATA</Revalue_Vendor>
			<Post_Results_To>#PCDATA</Post_Results_To>
			<KPCALHST>#PCDATA</KPCALHST>
			<KPERHIST>#PCDATA</KPERHIST>
			<KPTRXHST>#PCDATA</KPTRXHST>
			<KGLDSTHS>#PCDATA</KGLDSTHS>
			<PTCSHACF>#PCDATA</PTCSHACF>
			<PMCSHACTNUMST>#PCDATA</PMCSHACTNUMST>
			<PMAPACTNUMST>#PCDATA</PMAPACTNUMST>
			<PMDAVACTNUMST>#PCDATA</PMDAVACTNUMST>
			<PMDTKACTNUMST>#PCDATA</PMDTKACTNUMST>
			<PMFINACTNUMST>#PCDATA</PMFINACTNUMST>
			<PMPRCHACTNUMST>#PCDATA</PMPRCHACTNUMST>
			<PMTDSCACTNUMST>#PCDATA</PMTDSCACTNUMST>
			<PMMSCHACTNUMST>#PCDATA</PMMSCHACTNUMST>
			<PMFRTACTNUMST>#PCDATA</PMFRTACTNUMST>
			<PMTAXACTNUMST>#PCDATA</PMTAXACTNUMST>
			<PMWRTACTNUMST>#PCDATA</PMWRTACTNUMST>
			<ACPURACTNUMST>#PCDATA</ACPURACTNUMST>
			<PURPVACTNUMST>#PCDATA</PURPVACTNUMST>
			<UseVendorClass>#PCDATA</UseVendorClass>
			<CreateAddress>#PCDATA</CreateAddress>
			<UpdateIfExists>#PCDATA</UpdateIfExists>
			<RequesterTrx>#PCDATA</RequesterTrx>
			<USRDEFND1>#PCDATA</USRDEFND1>
			<USRDEFND2>#PCDATA</USRDEFND2>
			<USRDEFND3>#PCDATA</USRDEFND3>
			<USRDEFND4>#PCDATA</USRDEFND4>
			<USRDEFND5>#PCDATA</USRDEFND5>
		</taUpdateCreateVendorRcd>
		<taCreateVendorAddress_Items>
			<taCreateVendorAddress>
				<VENDORID>#PCDATA</VENDORID>
				<ADRSCODE>#PCDATA</ADRSCODE>
				<UPSZONE>#PCDATA</UPSZONE>
				<SHIPMTHD>#PCDATA</SHIPMTHD>
				<TAXSCHID>#PCDATA</TAXSCHID>
				<VNDCNTCT>#PCDATA</VNDCNTCT>
				<ADDRESS1>#PCDATA</ADDRESS1>
				<ADDRESS2>#PCDATA</ADDRESS2>
				<ADDRESS3>#PCDATA</ADDRESS3>
				<COUNTRY>#PCDATA</COUNTRY>
				<CITY>#PCDATA</CITY>
				<STATE>#PCDATA</STATE>
				<ZIPCODE>#PCDATA</ZIPCODE>
				<PHNUMBR1>#PCDATA</PHNUMBR1>
				<PHNUMBR2>#PCDATA</PHNUMBR2>
				<PHNUMBR3>#PCDATA</PHNUMBR3>
				<FAXNUMBR>#PCDATA</FAXNUMBR>
				<RequesterTrx>#PCDATA</RequesterTrx>
				<CCode>#PCDATA</CCode>
				<USRDEFND1>#PCDATA</USRDEFND1>
				<USRDEFND2>#PCDATA</USRDEFND2>
				<USRDEFND3>#PCDATA</USRDEFND3>
				<USRDEFND4>#PCDATA</USRDEFND4>
				<USRDEFND5>#PCDATA</USRDEFND5>
			</taCreateVendorAddress>
		</taCreateVendorAddress_Items>
		<taPMTransactionTaxInsert_Items>
			<taPMTransactionTaxInsert>
				<VENDORID>#PCDATA</VENDORID>
				<VCHRNMBR>#PCDATA</VCHRNMBR>
				<DOCTYPE>#PCDATA</DOCTYPE>
				<BACHNUMB>#PCDATA</BACHNUMB>
				<TAXDTLID>#PCDATA</TAXDTLID>
				<TAXAMNT>#PCDATA</TAXAMNT>
				<PCTAXAMT>#PCDATA</PCTAXAMT>
				<FRTTXAMT>#PCDATA</FRTTXAMT>
				<MSCTXAMT>#PCDATA</MSCTXAMT>
				<TDTTXPUR>#PCDATA</TDTTXPUR>
				<TXDTTPUR>#PCDATA</TXDTTPUR>
				<ACTINDX>#PCDATA</ACTINDX>
				<ACTNUMST>#PCDATA</ACTNUMST>
				<RequesterTrx>#PCDATA</RequesterTrx>
				<USRDEFND1>#PCDATA</USRDEFND1>
				<USRDEFND2>#PCDATA</USRDEFND2>
				<USRDEFND3>#PCDATA</USRDEFND3>
				<USRDEFND4>#PCDATA</USRDEFND4>
				<USRDEFND5>#PCDATA</USRDEFND5>
			</taPMTransactionTaxInsert>
		</taPMTransactionTaxInsert_Items>
		<taPMDistribution_Items>
			<taPMDistribution>
				<DOCTYPE>#PCDATA</DOCTYPE>
				<VCHRNMBR>#PCDATA</VCHRNMBR>
				<VENDORID>#PCDATA</VENDORID>
				<DSTSQNUM>#PCDATA</DSTSQNUM>
				<DISTTYPE>#PCDATA</DISTTYPE>
				<DistRef>#PCDATA</DistRef>
				<ACTINDX>#PCDATA</ACTINDX>
				<ACTNUMST>#PCDATA</ACTNUMST>
				<DEBITAMT>#PCDATA</DEBITAMT>
				<CRDTAMNT>#PCDATA</CRDTAMNT>
				<RequesterTrx>#PCDATA</RequesterTrx>
				<USRDEFND1>#PCDATA</USRDEFND1>
				<USRDEFND2>#PCDATA</USRDEFND2>
				<USRDEFND3>#PCDATA</USRDEFND3>
				<USRDEFND4>#PCDATA</USRDEFND4>
				<USRDEFND5>#PCDATA</USRDEFND5>
			</taPMDistribution>
		</taPMDistribution_Items>
		<taPMTransactionInsert>
			<BACHNUMB>#PCDATA</BACHNUMB>
			<VCHNUMWK>#PCDATA</VCHNUMWK>
			<VENDORID>#PCDATA</VENDORID>
			<DOCNUMBR>#PCDATA</DOCNUMBR>
			<DOCTYPE>#PCDATA</DOCTYPE>
			<DOCAMNT>#PCDATA</DOCAMNT>
			<DOCDATE>#PCDATA</DOCDATE>
			<PSTGDATE>#PCDATA</PSTGDATE>
			<VADCDTRO>#PCDATA</VADCDTRO>
			<VADDCDPR>#PCDATA</VADDCDPR>
			<PYMTRMID>#PCDATA</PYMTRMID>
			<TAXSCHID>#PCDATA</TAXSCHID>
			<DUEDATE>#PCDATA</DUEDATE>
			<DSCDLRAM>#PCDATA</DSCDLRAM>
			<DISCDATE>#PCDATA</DISCDATE>
			<PRCHAMNT>#PCDATA</PRCHAMNT>
			<CHRGAMNT>#PCDATA</CHRGAMNT>
			<CASHAMNT>#PCDATA</CASHAMNT>
			<CAMCBKID>#PCDATA</CAMCBKID>
			<CDOCNMBR>#PCDATA</CDOCNMBR>
			<CAMTDATE>#PCDATA</CAMTDATE>
			<CAMPMTNM>#PCDATA</CAMPMTNM>
			<CHEKAMNT>#PCDATA</CHEKAMNT>
			<CHAMCBID>#PCDATA</CHAMCBID>
			<CHEKDATE>#PCDATA</CHEKDATE>
			<CAMPYNBR>#PCDATA</CAMPYNBR>
			<CRCRDAMT>#PCDATA</CRCRDAMT>
			<CCAMPYNM>#PCDATA</CCAMPYNM>
			<CHEKNMBR>#PCDATA</CHEKNMBR>
			<CARDNAME>#PCDATA</CARDNAME>
			<CCRCTNUM>#PCDATA</CCRCTNUM>
			<CRCARDDT>#PCDATA</CRCARDDT>
			<CHEKBKID>#PCDATA</CHEKBKID>
			<TRXDSCRN>#PCDATA</TRXDSCRN>
			<TRDISAMT>#PCDATA</TRDISAMT>
			<TAXAMNT>#PCDATA</TAXAMNT>
			<FRTAMNT>#PCDATA</FRTAMNT>
			<TEN99AMNT>#PCDATA</TEN99AMNT>
			<MSCCHAMT>#PCDATA</MSCCHAMT>
			<PORDNMBR>#PCDATA</PORDNMBR>
			<SHIPMTHD>#PCDATA</SHIPMTHD>
			<DISAMTAV>#PCDATA</DISAMTAV>
			<DISTKNAM>#PCDATA</DISTKNAM>
			<APDSTKAM>#PCDATA</APDSTKAM>
			<WROFAMNT>#PCDATA</WROFAMNT>
			<MDFUSRID>#PCDATA</MDFUSRID>
			<POSTEDDT>#PCDATA</POSTEDDT>
			<PTDUSRID>#PCDATA</PTDUSRID>
			<PCHSCHID>#PCDATA</PCHSCHID>
			<FRTSCHID>#PCDATA</FRTSCHID>
			<MSCSCHID>#PCDATA</MSCSCHID>
			<PRCTDISC>#PCDATA</PRCTDISC>
			<Tax_Date>#PCDATA</Tax_Date>
			<CURNCYID>#PCDATA</CURNCYID>
			<XCHGRATE>#PCDATA</XCHGRATE>
			<RATETPID>#PCDATA</RATETPID>
			<EXPNDATE>#PCDATA</EXPNDATE>
			<EXCHDATE>#PCDATA</EXCHDATE>
			<EXGTBDSC>#PCDATA</EXGTBDSC>
			<EXTBLSRC>#PCDATA</EXTBLSRC>
			<RATEEXPR>#PCDATA</RATEEXPR>
			<DYSTINCR>#PCDATA</DYSTINCR>
			<RATEVARC>#PCDATA</RATEVARC>
			<TRXDTDEF>#PCDATA</TRXDTDEF>
			<RTCLCMTD>#PCDATA</RTCLCMTD>
			<PRVDSLMT>#PCDATA</PRVDSLMT>
			<DATELMTS>#PCDATA</DATELMTS>
			<TIME1>#PCDATA</TIME1>
			<BatchCHEKBKID>#PCDATA</BatchCHEKBKID>
			<CREATEDIST>#PCDATA</CREATEDIST>
			<RequesterTrx>#PCDATA</RequesterTrx>
			<USRDEFND1>#PCDATA</USRDEFND1>
			<USRDEFND2>#PCDATA</USRDEFND2>
			<USRDEFND3>#PCDATA</USRDEFND3>
			<USRDEFND4>#PCDATA</USRDEFND4>
			<USRDEFND5>#PCDATA</USRDEFND5>
		</taPMTransactionInsert>
		<taMdaUpdate_Items>
			<taMdaUpdate>
				<DTASERIES>#PCDATA</DTASERIES>
				<ACTINDX>#PCDATA</ACTINDX>
				<SEQNUMBR>#PCDATA</SEQNUMBR>
				<DTAREF>#PCDATA</DTAREF>
				<DTAQNTY>#PCDATA</DTAQNTY>
				<GROUPID>#PCDATA</GROUPID>
				<CODEID>#PCDATA</CODEID>
				<POSTDESC>#PCDATA</POSTDESC>
			</taMdaUpdate>
		</taMdaUpdate_Items>
	</PMTransactionType>
</eConnect>
