<?xml version="1.0"?>
<eConnect xmlns:xsi="http://www.w3.org/2001/XMLSchema-instance">
	<PMVendorMasterType>
		<eConnectProcessInfo>
		</eConnectProcessInfo>
		<taUpdateCreateVendorRcd>
			<VENDORID></VENDORID>
			<VENDNAME></VENDNAME>
			<VENDSHNM></VENDSHNM>
			<VNDCHKNM></VNDCHKNM>
			<VNDCLSID></VNDCLSID>
			<VNDCNTCT></VNDCNTCT>
			<ADDRESS1></ADDRESS1>
			<CITY></CITY>
			<STATE></STATE>
			<ZIPCODE></ZIPCODE>
			<COUNTRY></COUNTRY>
			<PHNUMBR1></PHNUMBR1>
			<VADDCDPR></VADDCDPR>
			<VADCDPAD></VADCDPAD>
			<VADCDTRO></VADCDTRO>
			<ACNMVNDR></ACNMVNDR>
			<CURNCYID></CURNCYID>
			<PYMTRMID></PYMTRMID>
			<Usrdefnd1></Usrdefnd1>
			<UseVendorClass></UseVendorClass>
			<CreateAddress></CreateAddress>
			<UpdateIfExists></UpdateIfExists>
		</taUpdateCreateVendorRcd>
		<taCreateVendorAddress_Items>
			<taCreateVendorAddress>
				<VENDORID></VENDORID>
				<ADRSCODE>Literal</ADRSCODE>
				<VNDCNTCT></VNDCNTCT>
				<ADDRESS1></ADDRESS1>
				<CITY></CITY>
				<STATE></STATE>
				<ZIPCODE></ZIPCODE>
				<COUNTRY></COUNTRY>
				<PHNUMBR1></PHNUMBR1>
				<FAXNUMBR></FAXNUMBR>
 			  <Usrdefnd1></Usrdefnd1>
			</taCreateVendorAddress>
		</taCreateVendorAddress_Items>
	</PMVendorMasterType>
</eConnect>
