<?xml version="1.0"?>
<eConnect xmlns:xsi="http://www.w3.org/2001/XMLSchema-instance">
	<RMCustomerAddressType>
		<eConnectProcessInfo>
			<ConnectionString>#PCDATA</ConnectionString>
			<ProductName>#PCDATA</ProductName>
			<Sender>#PCDATA</Sender>
			<Outgoing>#PCDATA</Outgoing>
			<eConnectProcsRunFirst>#PCDATA</eConnectProcsRunFirst>
			<MessageID>#PCDATA</MessageID>
			<SiteID>#PCDATA</SiteID>
			<DocumentName>#PCDATA</DocumentName>
			<Version>#PCDATA</Version>
			<DateTimeStamp1>#PCDATA</DateTimeStamp1>
			<DateTimeStamp2>#PCDATA</DateTimeStamp2>
			<DateTimeStamp3>#PCDATA</DateTimeStamp3>
			<DateTimeStamp4>#PCDATA</DateTimeStamp4>
			<DateTimeStamp5>#PCDATA</DateTimeStamp5>
			<Userdef1>#PCDATA</Userdef1>
			<Userdef2>#PCDATA</Userdef2>
			<Userdef3>#PCDATA</Userdef3>
			<Userdef4>#PCDATA</Userdef4>
			<Userdef5>#PCDATA</Userdef5>
			<ProcReturnCode>#PCDATA</ProcReturnCode>
		</eConnectProcessInfo>
		<taCreateCustomerAddress_Items>
			<taCreateCustomerAddress>
				<CUSTNMBR>#PCDATA</CUSTNMBR>
				<ADRSCODE>#PCDATA</ADRSCODE>
				<SLPRSNID>#PCDATA</SLPRSNID>
				<UPSZONE>#PCDATA</UPSZONE>
				<SHIPMTHD>#PCDATA</SHIPMTHD>
				<TAXSCHID>#PCDATA</TAXSCHID>
				<CNTCPRSN>#PCDATA</CNTCPRSN>
				<ADDRESS1>#PCDATA</ADDRESS1>
				<ADDRESS2>#PCDATA</ADDRESS2>
				<ADDRESS3>#PCDATA</ADDRESS3>
				<COUNTRY>#PCDATA</COUNTRY>
				<CITY>#PCDATA</CITY>
				<STATE>#PCDATA</STATE>
				<ZIPCODE>#PCDATA</ZIPCODE>
				<PHNUMBR1>#PCDATA</PHNUMBR1>
				<PHNUMBR2>#PCDATA</PHNUMBR2>
				<PHNUMBR3>#PCDATA</PHNUMBR3>
				<FAX>#PCDATA</FAX>
				<GPSFOINTEGRATIONID>#PCDATA</GPSFOINTEGRATIONID>
				<INTEGRATIONSOURCE>#PCDATA</INTEGRATIONSOURCE>
				<INTEGRATIONID>#PCDATA</INTEGRATIONID>
				<CCode>#PCDATA</CCode>
				<LOCNCODE>#PCDATA</LOCNCODE>
				<SALSTERR>#PCDATA</SALSTERR>
				<USERDEF1>#PCDATA</USERDEF1>
				<USERDEF2>#PCDATA</USERDEF2>
				<RequesterTrx>#PCDATA</RequesterTrx>
				<USRDEFND1>#PCDATA</USRDEFND1>
				<USRDEFND2>#PCDATA</USRDEFND2>
				<USRDEFND3>#PCDATA</USRDEFND3>
				<USRDEFND4>#PCDATA</USRDEFND4>
				<USRDEFND5>#PCDATA</USRDEFND5>
			</taCreateCustomerAddress>
		</taCreateCustomerAddress_Items>
	</RMCustomerAddressType>
</eConnect>
