<?xml version="1.0"?>
<eConnect xmlns:xsi="http://www.w3.org/2001/XMLSchema-instance">
	<RMCustomerMasterType>
		<eConnectProcessInfo>
			<Sender>RxE</Sender>
		</eConnectProcessInfo>
		<taUpdateCreateCustomerRcd>
			<CUSTNMBR>#PCDATA</CUSTNMBR>
			<CUSTNAME>#PCDATA</CUSTNAME>
			<CUSTCLAS>#PCDATA</CUSTCLAS>

			<ADRSCODE>#PCDATA</ADRSCODE>
			<CNTCPRSN>#PCDATA</CNTCPRSN>
			<ADDRESS1>#PCDATA</ADDRESS1>
			<ADDRESS2>#PCDATA</ADDRESS2>
			<ADDRESS3>#PCDATA</ADDRESS3>
			<CITY>#PCDATA</CITY>
			<STATE>#PCDATA</STATE>
			<ZIPCODE>#PCDATA</ZIPCODE>

			<COUNTRY>#PCDATA</COUNTRY>
			<PHNUMBR1>#PCDATA</PHNUMBR1>
			<PHNUMBR2>#PCDATA</PHNUMBR2>

			<FAX>#PCDATA</FAX>

			<PRBTADCD>#PCDATA</PRBTADCD>
			<STADDRCD>#PCDATA</STADDRCD>

			<SLPRSNID>#PCDATA</SLPRSNID>
			<SALSTERR>#PCDATA</SALSTERR>

			<USERDEF1>#PCDATA</USERDEF1>

			<PYMTRMID>#PCDATA</PYMTRMID>

			<NOTETEXT>#PCDATA</NOTETEXT>

			<CRLMTTYP>#PCDATA</CRLMTTYP>
			<MXWOFTYP>#PCDATA</MXWOFTYP>
			<MXWROFAM>#PCDATA</MXWROFAM>

			<CURNCYID>#PCDATA</CURNCYID>

			<STMTCYCL>#PCDATA</STMTCYCL>
			<INTEGRATIONID>#PCDATA</INTEGRATIONID>

			<UseCustomerClass>#PCDATA</UseCustomerClass>
			<CreateAddress>#PCDATA</CreateAddress>
			<UpdateIfExists>#PCDATA</UpdateIfExists>
			<USRDEFND1>#PCDATA</USRDEFND1>

		</taUpdateCreateCustomerRcd>
	</RMCustomerMasterType>
</eConnect>
