<?xml version="1.0"?>
<eConnect  xmlns:xsi="http://www.w3.org/2001/XMLSchema-instance">
	<RMDeleteCustomerType>
		<eConnectProcessInfo>
			<ConnectionString>#PCDATA</ConnectionString>
			<ProductName>#PCDATA</ProductName>
			<Sender>#PCDATA</Sender>
			<Outgoing>#PCDATA</Outgoing>
			<eConnectProcsRunFirst>#PCDATA</eConnectProcsRunFirst>
			<MessageID>#PCDATA</MessageID>
			<SiteID>#PCDATA</SiteID>
			<DocumentName>#PCDATA</DocumentName>
			<Version>#PCDATA</Version>
			<DateTimeStamp1>#PCDATA</DateTimeStamp1>
			<DateTimeStamp2>#PCDATA</DateTimeStamp2>
			<DateTimeStamp3>#PCDATA</DateTimeStamp3>
			<DateTimeStamp4>#PCDATA</DateTimeStamp4>
			<DateTimeStamp5>#PCDATA</DateTimeStamp5>
			<Userdef1>#PCDATA</Userdef1>
			<Userdef2>#PCDATA</Userdef2>
			<Userdef3>#PCDATA</Userdef3>
			<Userdef4>#PCDATA</Userdef4>
			<Userdef5>#PCDATA</Userdef5>
			<ProcReturnCode>#PCDATA</ProcReturnCode>
		</eConnectProcessInfo>
		<taDeleteCustomerRcd>
			<CUSTNMBR>#PCDATA</CUSTNMBR>
			<RequesterTrx>#PCDATA</RequesterTrx>
			<USRDEFND1>#PCDATA</USRDEFND1>
			<USRDEFND2>#PCDATA</USRDEFND2>
			<USRDEFND3>#PCDATA</USRDEFND3>
			<USRDEFND4>#PCDATA</USRDEFND4>
			<USRDEFND5>#PCDATA</USRDEFND5>
		</taDeleteCustomerRcd>
	</RMDeleteCustomerType>
</eConnect>
