<NewDataSet>
  <nb_l4que_podet>
    <datewritten></datewritten>
    <dateprocessed></dateprocessed>
    <status></status>
    <pod_po_no></pod_po_no>
    <pod_status></pod_status>
    <ven_code></ven_code>
    <pod_seq_no></pod_seq_no>
    <pod_sku_cd></pod_sku_cd>
    <pod_units></pod_units>
    <pod_rec_units></pod_rec_units>
    <pod_unit_type></pod_unit_type>
    <pod_rate></pod_rate>
    <dt_promised></dt_promised>
    
    <ns_overreceive></ns_overreceive>
    <ns_ovrcvqty></ns_ovrcvqty>
    <ns_ovrrcvpct></ns_ovrrcvpct>
    <revisionnum></revisionnum>
    
  </nb_l4que_podet>
</NewDataSet>
